"","id","left","top","right","bottom","row_index","col_index","CFR","id_grid","MONTH","Gear","VL","harbour","Species","effrt_m","lpue_mn","Pric_mn","W_mean","GVL_men","depth","fishday","geometry"
"1",85,381751.483813806,4848895.10205162,386751.483813806,4843895.10205162,14,1,"boat_100","3287","May","OTB","VL1824","SAN REMO","DPS",33.4305555555556,0.357904579252103,6.16866067749044,119.649489202752,664.269389214148,115,10,list(c(7.53043972436159, 7.59255944588038, 7.59361432537148, 7.53154112277111, 7.53043972436159, 43.7836671975847, 43.7844492038753, 43.7394433687305, 43.7386625829079, 43.7836671975847))
"2",85,381751.483813806,4848895.10205162,386751.483813806,4843895.10205162,14,1,"boat_100","3287","June","OTB","VL1824","SAN REMO","DPS",34.5833333333333,0.364953931463839,6.23678124438609,126.213234631244,708.447901087301,115,7,list(c(7.53043972436159, 7.59255944588038, 7.59361432537148, 7.53154112277111, 7.53043972436159, 43.7836671975847, 43.7844492038753, 43.7394433687305, 43.7386625829079, 43.7836671975847))
"3",85,381751.483813806,4848895.10205162,386751.483813806,4843895.10205162,14,1,"boat_100","3287","September","OTB","VL1824","SAN REMO","DPS",11.5277777777778,1.82494458633215,5.00136248471149,210.375556479956,946.947974291241,115,8,list(c(7.53043972436159, 7.59255944588038, 7.59361432537148, 7.53154112277111, 7.53043972436159, 43.7836671975847, 43.7844492038753, 43.7394433687305, 43.7386625829079, 43.7836671975847))
"4",86,381751.483813806,4843895.10205162,386751.483813806,4838895.10205162,15,1,"boat_100","2223","January","OTB","VL1824","SAN REMO","DPS",17.2916666666667,0.798409759033293,5.55261824397262,138.058354166174,689.926802468336,335,12,list(c(7.53154112277111, 7.59361432537148, 7.59466676149697, 7.53263997015505, 7.53154112277111, 43.7386625829079, 43.7394433687305, 43.6944371575154, 43.6936575903516, 43.7386625829079))
"5",86,381751.483813806,4843895.10205162,386751.483813806,4838895.10205162,15,1,"boat_100","2223","February","OTB","VL1824","SAN REMO","DPS",6.91666666666667,3.83391719817679,5.71644260087317,265.179272873894,1364.29388309241,335,6,list(c(7.53154112277111, 7.59361432537148, 7.59466676149697, 7.53263997015505, 7.53154112277111, 43.7386625829079, 43.7394433687305, 43.6944371575154, 43.6936575903516, 43.7386625829079))
"6",86,381751.483813806,4843895.10205162,386751.483813806,4838895.10205162,15,1,"boat_100","2223","December","OTB","VL1824","SAN REMO","DPS",10.375,1.61328145963939,6.58751642757973,167.377951437587,992.344504238772,335,7,list(c(7.53154112277111, 7.59361432537148, 7.59466676149697, 7.53263997015505, 7.53154112277111, 43.7386625829079, 43.7394433687305, 43.6944371575154, 43.6936575903516, 43.7386625829079))
"7",86,381751.483813806,4843895.10205162,386751.483813806,4838895.10205162,15,1,"boat_100","2224","January","OTB","VL1824","SAN REMO","ARA",46.6875,0.262617442713109,19.5783417508418,122.609518566683,2160.44195076423,588,12,list(c(7.53154112277111, 7.59361432537148, 7.59466676149697, 7.53263997015505, 7.53154112277111, 43.7386625829079, 43.7394433687305, 43.6944371575154, 43.6936575903516, 43.7386625829079))
"8",86,381751.483813806,4843895.10205162,386751.483813806,4838895.10205162,15,1,"boat_100","2224","December","OTB","VL1824","SAN REMO","ARA",8.64583333333333,1.31570478332677,37.731616385186,113.753642725127,3862.8979287498,588,7,list(c(7.53154112277111, 7.59361432537148, 7.59466676149697, 7.53263997015505, 7.53154112277111, 43.7386625829079, 43.7394433687305, 43.6944371575154, 43.6936575903516, 43.7386625829079))
"9",86,381751.483813806,4843895.10205162,386751.483813806,4838895.10205162,15,1,"boat_100","2578","September","OTB","VL1824","SAN REMO","DPS",10.375,2.67831400570952,5.00136248471149,277.875078092363,1250.77859190668,321,8,list(c(7.53154112277111, 7.59361432537148, 7.59466676149697, 7.53263997015505, 7.53154112277111, 43.7386625829079, 43.7394433687305, 43.6944371575154, 43.6936575903516, 43.7386625829079))
"10",86,381751.483813806,4843895.10205162,386751.483813806,4838895.10205162,15,1,"boat_100","2579","January","OTB","VL1824","SAN REMO","ARA",63.9791666666667,0.692952714299556,19.5783417508418,443.345372002903,7811.97048605422,321,12,list(c(7.53154112277111, 7.59361432537148, 7.59466676149697, 7.53263997015505, 7.53154112277111, 43.7386625829079, 43.7394433687305, 43.6944371575154, 43.6936575903516, 43.7386625829079))
"11",86,381751.483813806,4843895.10205162,386751.483813806,4838895.10205162,15,1,"boat_100","2579","January","OTB","VL1824","SAN REMO","DPS",63.9791666666667,0.870219825677894,5.55261824397262,556.759392636836,2782.32512495257,321,12,list(c(7.53154112277111, 7.59361432537148, 7.59466676149697, 7.53263997015505, 7.53154112277111, 43.7386625829079, 43.7394433687305, 43.6944371575154, 43.6936575903516, 43.7386625829079))
"12",86,381751.483813806,4843895.10205162,386751.483813806,4838895.10205162,15,1,"boat_100","2579","February","OTB","VL1824","SAN REMO","ARA",13.8333333333333,0.575337787977478,26.8057018241345,79.5883940035511,1920.08048248883,321,6,list(c(7.53154112277111, 7.59361432537148, 7.59466676149697, 7.53263997015505, 7.53154112277111, 43.7386625829079, 43.7394433687305, 43.6944371575154, 43.6936575903516, 43.7386625829079))
"13",86,381751.483813806,4843895.10205162,386751.483813806,4838895.10205162,15,1,"boat_100","2579","February","OTB","VL1824","SAN REMO","DPS",13.8333333333333,2.23247689683686,5.71644260087317,308.825970729099,1588.84734179865,321,6,list(c(7.53154112277111, 7.59361432537148, 7.59466676149697, 7.53263997015505, 7.53154112277111, 43.7386625829079, 43.7394433687305, 43.6944371575154, 43.6936575903516, 43.7386625829079))
"14",86,381751.483813806,4843895.10205162,386751.483813806,4838895.10205162,15,1,"boat_100","2579","December","OTB","VL1824","SAN REMO","DPS",6.91666666666667,1.92215331826659,6.58751642757973,132.948937846772,788.2229808854,321,7,list(c(7.53154112277111, 7.59361432537148, 7.59466676149697, 7.53263997015505, 7.53154112277111, 43.7386625829079, 43.7394433687305, 43.6944371575154, 43.6936575903516, 43.7386625829079))
"15",86,381751.483813806,4843895.10205162,386751.483813806,4838895.10205162,15,1,"boat_100","2580","January","OTB","VL1824","SAN REMO","ARA",50.1458333333333,0.449681541552292,19.5783417508418,225.496556357577,3973.36377960593,580,12,list(c(7.53154112277111, 7.59361432537148, 7.59466676149697, 7.53263997015505, 7.53154112277111, 43.7386625829079, 43.7394433687305, 43.6944371575154, 43.6936575903516, 43.7386625829079))
"16",86,381751.483813806,4843895.10205162,386751.483813806,4838895.10205162,15,1,"boat_100","2580","December","OTB","VL1824","SAN REMO","ARA",10.375,0.129957284761469,37.731616385186,13.4830682940025,457.864164508108,580,7,list(c(7.53154112277111, 7.59361432537148, 7.59466676149697, 7.53263997015505, 7.53154112277111, 43.7386625829079, 43.7394433687305, 43.6944371575154, 43.6936575903516, 43.7386625829079))
"17",86,381751.483813806,4843895.10205162,386751.483813806,4838895.10205162,15,1,"boat_100","2932","September","OTB","VL1824","SAN REMO","DPS",10.375,8.11717717024536,5.00136248471149,842.157131412956,3790.7397749529,142,8,list(c(7.53154112277111, 7.59361432537148, 7.59466676149697, 7.53263997015505, 7.53154112277111, 43.7386625829079, 43.7394433687305, 43.6944371575154, 43.6936575903516, 43.7386625829079))
"18",86,381751.483813806,4843895.10205162,386751.483813806,4838895.10205162,15,1,"boat_100","2933","April","OTB","VL1824","SAN REMO","DPS",10.375,2.24522880297916,5.7544106543929,232.942488309087,1206.40206292795,142,8,list(c(7.53154112277111, 7.59361432537148, 7.59466676149697, 7.53263997015505, 7.53154112277111, 43.7386625829079, 43.7394433687305, 43.6944371575154, 43.6936575903516, 43.7386625829079))
"19",86,381751.483813806,4843895.10205162,386751.483813806,4838895.10205162,15,1,"boat_100","2933","August","OTB","VL1824","SAN REMO","DPS",5.1875,0.703674173054897,5.93221447134711,36.5030977272228,194.889784127786,142,9,list(c(7.53154112277111, 7.59361432537148, 7.59466676149697, 7.53263997015505, 7.53154112277111, 43.7386625829079, 43.7394433687305, 43.6944371575154, 43.6936575903516, 43.7386625829079))
"20",86,381751.483813806,4843895.10205162,386751.483813806,4838895.10205162,15,1,"boat_100","2935","January","OTB","VL1824","SAN REMO","DPS",100.291666666667,0.965915632288422,5.55261824397262,968.73288621593,4841.10350778494,321,12,list(c(7.53154112277111, 7.59361432537148, 7.59466676149697, 7.53263997015505, 7.53154112277111, 43.7386625829079, 43.7394433687305, 43.6944371575154, 43.6936575903516, 43.7386625829079))
"21",86,381751.483813806,4843895.10205162,386751.483813806,4838895.10205162,15,1,"boat_100","2935","April","OTB","VL1824","SAN REMO","DPS",3.45833333333333,0.871591363910798,5.7544106543929,30.1425346685817,156.107270382565,321,8,list(c(7.53154112277111, 7.59361432537148, 7.59466676149697, 7.53263997015505, 7.53154112277111, 43.7386625829079, 43.7394433687305, 43.6944371575154, 43.6936575903516, 43.7386625829079))
"22",86,381751.483813806,4843895.10205162,386751.483813806,4838895.10205162,15,1,"boat_100","2935","May","OTB","VL1824","SAN REMO","DPS",8.64583333333333,2.18712136742491,6.16866067749044,189.094868225278,1049.81587014286,321,10,list(c(7.53154112277111, 7.59361432537148, 7.59466676149697, 7.53263997015505, 7.53154112277111, 43.7386625829079, 43.7394433687305, 43.6944371575154, 43.6936575903516, 43.7386625829079))
"23",86,381751.483813806,4843895.10205162,386751.483813806,4838895.10205162,15,1,"boat_100","2935","July","OTB","VL1824","SAN REMO","ARA",20.75,0.597253862595645,24.1624894594861,123.930176488596,2695.01542480616,321,8,list(c(7.53154112277111, 7.59361432537148, 7.59466676149697, 7.53263997015505, 7.53154112277111, 43.7386625829079, 43.7394433687305, 43.6944371575154, 43.6936575903516, 43.7386625829079))
"24",86,381751.483813806,4843895.10205162,386751.483813806,4838895.10205162,15,1,"boat_100","2935","July","OTB","VL1824","SAN REMO","DPS",20.75,1.59677470669405,6.02637363853696,331.330751639016,1797.0506165826,321,8,list(c(7.53154112277111, 7.59361432537148, 7.59466676149697, 7.53263997015505, 7.53154112277111, 43.7386625829079, 43.7394433687305, 43.6944371575154, 43.6936575903516, 43.7386625829079))
"25",86,381751.483813806,4843895.10205162,386751.483813806,4838895.10205162,15,1,"boat_100","2935","September","OTB","VL1824","SAN REMO","ARA",26.5138888888889,0.685318087226661,25.9323079569126,181.704476182736,4240.81479016818,321,8,list(c(7.53154112277111, 7.59361432537148, 7.59466676149697, 7.53263997015505, 7.53154112277111, 43.7386625829079, 43.7394433687305, 43.6944371575154, 43.6936575903516, 43.7386625829079))
"26",86,381751.483813806,4843895.10205162,386751.483813806,4838895.10205162,15,1,"boat_100","2935","September","OTB","VL1824","SAN REMO","DPS",26.5138888888889,0.595493577946425,5.00136248471149,157.888505597184,710.691883794825,321,8,list(c(7.53154112277111, 7.59361432537148, 7.59466676149697, 7.53263997015505, 7.53154112277111, 43.7386625829079, 43.7394433687305, 43.6944371575154, 43.6936575903516, 43.7386625829079))
"27",86,381751.483813806,4843895.10205162,386751.483813806,4838895.10205162,15,1,"boat_100","2935","December","OTB","VL1824","SAN REMO","ARA",20.75,0.46089059574645,37.731616385186,95.6347986173884,3247.60998105523,321,7,list(c(7.53154112277111, 7.59361432537148, 7.59466676149697, 7.53263997015505, 7.53154112277111, 43.7386625829079, 43.7394433687305, 43.6944371575154, 43.6936575903516, 43.7386625829079))
"28",86,381751.483813806,4843895.10205162,386751.483813806,4838895.10205162,15,1,"boat_100","2935","December","OTB","VL1824","SAN REMO","ARS",20.75,0.61986279355218,41.8031859173183,128.621529662077,4839.11074569031,321,7,list(c(7.53154112277111, 7.59361432537148, 7.59466676149697, 7.53263997015505, 7.53154112277111, 43.7386625829079, 43.7394433687305, 43.6944371575154, 43.6936575903516, 43.7386625829079))
"29",86,381751.483813806,4843895.10205162,386751.483813806,4838895.10205162,15,1,"boat_100","3288","April","OTB","VL1824","SAN REMO","DPS",17.2916666666667,1.52723793853002,5.7544106543929,264.084893537482,1367.68763253267,194,8,list(c(7.53154112277111, 7.59361432537148, 7.59466676149697, 7.53263997015505, 7.53154112277111, 43.7386625829079, 43.7394433687305, 43.6944371575154, 43.6936575903516, 43.7386625829079))
"30",86,381751.483813806,4843895.10205162,386751.483813806,4838895.10205162,15,1,"boat_100","3288","May","OTB","VL1824","SAN REMO","DPS",31.125,7.13291299566259,6.16866067749044,2220.11916989998,12325.6456404342,194,10,list(c(7.53154112277111, 7.59361432537148, 7.59466676149697, 7.53263997015505, 7.53154112277111, 43.7386625829079, 43.7394433687305, 43.6944371575154, 43.6936575903516, 43.7386625829079))
"31",86,381751.483813806,4843895.10205162,386751.483813806,4838895.10205162,15,1,"boat_100","3288","July","OTB","VL1824","SAN REMO","DPS",25.9375,2.97396080073739,6.02637363853696,771.371082691261,4183.71332243429,194,8,list(c(7.53154112277111, 7.59361432537148, 7.59466676149697, 7.53263997015505, 7.53154112277111, 43.7386625829079, 43.7394433687305, 43.6944371575154, 43.6936575903516, 43.7386625829079))
"32",86,381751.483813806,4843895.10205162,386751.483813806,4838895.10205162,15,1,"boat_100","3289","April","OTB","VL1824","SAN REMO","DPS",17.2916666666667,3.20393371902699,5.7544106543929,554.013538915083,2869.21926990978,194,8,list(c(7.53154112277111, 7.59361432537148, 7.59466676149697, 7.53263997015505, 7.53154112277111, 43.7386625829079, 43.7394433687305, 43.6944371575154, 43.6936575903516, 43.7386625829079))
"33",86,381751.483813806,4843895.10205162,386751.483813806,4838895.10205162,15,1,"boat_100","3289","June","OTB","VL1824","SAN REMO","DPS",21.6145833333333,2.02575176906256,6.23678124438609,437.857804250502,2457.74100713184,194,7,list(c(7.53154112277111, 7.59361432537148, 7.59466676149697, 7.53263997015505, 7.53154112277111, 43.7386625829079, 43.7394433687305, 43.6944371575154, 43.6936575903516, 43.7386625829079))
"34",86,381751.483813806,4843895.10205162,386751.483813806,4838895.10205162,15,1,"boat_100","3289","July","OTB","VL1824","SAN REMO","DPS",38.90625,0.123185839617787,6.02637363853696,47.9269907262951,259.943358138615,194,8,list(c(7.53154112277111, 7.59361432537148, 7.59466676149697, 7.53263997015505, 7.53154112277111, 43.7386625829079, 43.7394433687305, 43.6944371575154, 43.6936575903516, 43.7386625829079))
"35",86,381751.483813806,4843895.10205162,386751.483813806,4838895.10205162,15,1,"boat_100","3289","December","OTB","VL1824","SAN REMO","DPS",31.125,0.403126014877179,6.58751642757973,125.472972130522,743.899738614361,194,7,list(c(7.53154112277111, 7.59361432537148, 7.59466676149697, 7.53263997015505, 7.53154112277111, 43.7386625829079, 43.7394433687305, 43.6944371575154, 43.6936575903516, 43.7386625829079))
"36",86,381751.483813806,4843895.10205162,386751.483813806,4838895.10205162,15,1,"boat_100","3290","April","OTB","VL1824","SAN REMO","ARA",33.4305555555556,0.316930458490412,22.2435982923178,105.951612998114,2121.07060615785,454,8,list(c(7.53154112277111, 7.59361432537148, 7.59466676149697, 7.53263997015505, 7.53154112277111, 43.7386625829079, 43.7394433687305, 43.6944371575154, 43.6936575903516, 43.7386625829079))
"37",86,381751.483813806,4843895.10205162,386751.483813806,4838895.10205162,15,1,"boat_100","3290","June","OTB","VL1824","SAN REMO","ARA",37.1770833333333,1.31096167533844,24.7151663868788,487.377314508634,10841.050279144,454,7,list(c(7.53154112277111, 7.59361432537148, 7.59466676149697, 7.53263997015505, 7.53154112277111, 43.7386625829079, 43.7394433687305, 43.6944371575154, 43.6936575903516, 43.7386625829079))
"38",86,381751.483813806,4843895.10205162,386751.483813806,4838895.10205162,15,1,"boat_100","3290","June","OTB","VL1824","SAN REMO","ARS",37.1770833333333,0.689940612944218,24.0788103493001,256.499796624783,5558.58896180598,454,7,list(c(7.53154112277111, 7.59361432537148, 7.59466676149697, 7.53263997015505, 7.53154112277111, 43.7386625829079, 43.7394433687305, 43.6944371575154, 43.6936575903516, 43.7386625829079))
"39",86,381751.483813806,4843895.10205162,386751.483813806,4838895.10205162,15,1,"boat_100","3290","November","OTB","VL1824","SAN REMO","ARA",10.375,1.28802969950801,37.1513233542056,133.633081323956,4468.18123357661,454,6,list(c(7.53154112277111, 7.59361432537148, 7.59466676149697, 7.53263997015505, 7.53154112277111, 43.7386625829079, 43.7394433687305, 43.6944371575154, 43.6936575903516, 43.7386625829079))
"40",86,381751.483813806,4843895.10205162,386751.483813806,4838895.10205162,15,1,"boat_100","3290","December","OTB","VL1824","SAN REMO","ARA",29.3958333333333,0.249469141121815,37.731616385186,73.3335329422667,2490.29345983321,454,7,list(c(7.53154112277111, 7.59361432537148, 7.59466676149697, 7.53263997015505, 7.53154112277111, 43.7386625829079, 43.7394433687305, 43.6944371575154, 43.6936575903516, 43.7386625829079))
"41",86,381751.483813806,4843895.10205162,386751.483813806,4838895.10205162,15,1,"boat_100","3290","December","OTB","VL1824","SAN REMO","ARS",29.3958333333333,0.335517018893355,41.8031859173183,98.6280236788591,3710.66904945451,454,7,list(c(7.53154112277111, 7.59361432537148, 7.59466676149697, 7.53263997015505, 7.53154112277111, 43.7386625829079, 43.7394433687305, 43.6944371575154, 43.6936575903516, 43.7386625829079))
"42",86,381751.483813806,4843895.10205162,386751.483813806,4838895.10205162,15,1,"boat_100","3291","January","OTB","VL1824","SAN REMO","ARS",44.9583333333333,0.072189517437981,24.5830209534728,32.4552038814922,718.062261361157,454,12,list(c(7.53154112277111, 7.59361432537148, 7.59466676149697, 7.53263997015505, 7.53154112277111, 43.7386625829079, 43.7394433687305, 43.6944371575154, 43.6936575903516, 43.7386625829079))
"43",86,381751.483813806,4843895.10205162,386751.483813806,4838895.10205162,15,1,"boat_100","3291","April","OTB","VL1824","SAN REMO","ARA",58.7916666666667,8.1235290693294,22.2435982923178,4775.95813200991,95611.0447344212,454,8,list(c(7.53154112277111, 7.59361432537148, 7.59466676149697, 7.53263997015505, 7.53154112277111, 43.7386625829079, 43.7394433687305, 43.6944371575154, 43.6936575903516, 43.7386625829079))
"44",86,381751.483813806,4843895.10205162,386751.483813806,4838895.10205162,15,1,"boat_100","3291","May","OTB","VL1824","SAN REMO","ARA",51.875,3.73464681300905,21.4248949610598,1937.34803424845,37356.7303231097,454,10,list(c(7.53154112277111, 7.59361432537148, 7.59466676149697, 7.53263997015505, 7.53154112277111, 43.7386625829079, 43.7394433687305, 43.6944371575154, 43.6936575903516, 43.7386625829079))
"45",86,381751.483813806,4843895.10205162,386751.483813806,4838895.10205162,15,1,"boat_100","3291","June","OTB","VL1824","SAN REMO","ARA",40.6354166666667,0.73429132405301,24.7151663868788,298.382339076124,6637.11224145525,454,7,list(c(7.53154112277111, 7.59361432537148, 7.59466676149697, 7.53263997015505, 7.53154112277111, 43.7386625829079, 43.7394433687305, 43.6944371575154, 43.6936575903516, 43.7386625829079))
"46",86,381751.483813806,4843895.10205162,386751.483813806,4838895.10205162,15,1,"boat_100","3292","April","OTB","VL1824","SAN REMO","ARA",39.1944444444444,0.451390394423736,22.2435982923178,176.91995736997,3541.80281546843,682,8,list(c(7.53154112277111, 7.59361432537148, 7.59466676149697, 7.53263997015505, 7.53154112277111, 43.7386625829079, 43.7394433687305, 43.6944371575154, 43.6936575903516, 43.7386625829079))
"47",86,381751.483813806,4843895.10205162,386751.483813806,4838895.10205162,15,1,"boat_100","3292","May","OTB","VL1824","SAN REMO","ARA",41.5,0.817131108634938,21.4248949610598,339.109410083499,6538.84514221132,682,10,list(c(7.53154112277111, 7.59361432537148, 7.59466676149697, 7.53263997015505, 7.53154112277111, 43.7386625829079, 43.7394433687305, 43.6944371575154, 43.6936575903516, 43.7386625829079))
"48",86,381751.483813806,4843895.10205162,386751.483813806,4838895.10205162,15,1,"boat_100","3292","July","OTB","VL1824","SAN REMO","ARA",84.7291666666667,11.82817516581,24.1624894594861,10021.9142498644,217938.9576836,682,8,list(c(7.53154112277111, 7.59361432537148, 7.59466676149697, 7.53263997015505, 7.53154112277111, 43.7386625829079, 43.7394433687305, 43.6944371575154, 43.6936575903516, 43.7386625829079))
"49",86,381751.483813806,4843895.10205162,386751.483813806,4838895.10205162,15,1,"boat_100","3292","September","OTB","VL1824","SAN REMO","ARA",44.9583333333333,0.25828379403829,25.9323079569126,116.120089069715,2710.13571876597,682,8,list(c(7.53154112277111, 7.59361432537148, 7.59466676149697, 7.53263997015505, 7.53154112277111, 43.7386625829079, 43.7394433687305, 43.6944371575154, 43.6936575903516, 43.7386625829079))
"50",86,381751.483813806,4843895.10205162,386751.483813806,4838895.10205162,15,1,"boat_100","3292","September","OTB","VL1824","SAN REMO","ARS",44.9583333333333,0.247012876931495,24.945842678512,111.052872587118,2493.27673969957,682,8,list(c(7.53154112277111, 7.59361432537148, 7.59466676149697, 7.53263997015505, 7.53154112277111, 43.7386625829079, 43.7394433687305, 43.6944371575154, 43.6936575903516, 43.7386625829079))
"51",86,381751.483813806,4843895.10205162,386751.483813806,4838895.10205162,15,1,"boat_100","3292","October","OTB","VL1824","SAN REMO","ARA",10.375,1.18401070847202,32.1713301919562,122.841111003972,3556.76574892996,682,2,list(c(7.53154112277111, 7.59361432537148, 7.59466676149697, 7.53263997015505, 7.53154112277111, 43.7386625829079, 43.7394433687305, 43.6944371575154, 43.6936575903516, 43.7386625829079))
"52",86,381751.483813806,4843895.10205162,386751.483813806,4838895.10205162,15,1,"boat_100","3292","October","OTB","VL1824","SAN REMO","ARS",10.375,0.379183793824138,31.4571133052465,39.3403186092544,1113.77957396023,682,2,list(c(7.53154112277111, 7.59361432537148, 7.59466676149697, 7.53263997015505, 7.53154112277111, 43.7386625829079, 43.7394433687305, 43.6944371575154, 43.6936575903516, 43.7386625829079))
"53",86,381751.483813806,4843895.10205162,386751.483813806,4838895.10205162,15,1,"boat_153","2224","December","OTB","VL1218","SAN REMO","ARA",39.5966666666667,1.72846944078778,37.731616385186,684.416282903936,23241.7193708756,588,8,list(c(7.53154112277111, 7.59361432537148, 7.59466676149697, 7.53263997015505, 7.53154112277111, 43.7386625829079, 43.7394433687305, 43.6944371575154, 43.6936575903516, 43.7386625829079))
"54",86,381751.483813806,4843895.10205162,386751.483813806,4838895.10205162,15,1,"boat_153","2224","December","OTB","VL1218","SAN REMO","ARS",39.5966666666667,1.04540477995822,41.8031859173183,413.945446037455,15573.8145962979,588,8,list(c(7.53154112277111, 7.59361432537148, 7.59466676149697, 7.53263997015505, 7.53154112277111, 43.7386625829079, 43.7394433687305, 43.6944371575154, 43.6936575903516, 43.7386625829079))
"55",86,381751.483813806,4843895.10205162,386751.483813806,4838895.10205162,15,1,"boat_153","2935","December","OTB","VL1218","SAN REMO","ARA",28.2833333333333,0.748753337766537,37.731616385186,211.772402364969,7191.46354230383,321,8,list(c(7.53154112277111, 7.59361432537148, 7.59466676149697, 7.53263997015505, 7.53154112277111, 43.7386625829079, 43.7394433687305, 43.6944371575154, 43.6936575903516, 43.7386625829079))
"56",86,381751.483813806,4843895.10205162,386751.483813806,4838895.10205162,15,1,"boat_153","2935","December","OTB","VL1218","SAN REMO","DPS",28.2833333333333,8.45088275710493,6.58751642757973,2390.19133980118,14170.8822443991,321,8,list(c(7.53154112277111, 7.59361432537148, 7.59466676149697, 7.53263997015505, 7.53154112277111, 43.7386625829079, 43.7394433687305, 43.6944371575154, 43.6936575903516, 43.7386625829079))
"57",86,381751.483813806,4843895.10205162,386751.483813806,4838895.10205162,15,1,"boat_153","3288","May","OTB","VL1218","SAN REMO","DPS",28.2833333333333,5.85607265988054,6.16866067749044,1656.29255063621,9195.39605477694,194,7,list(c(7.53154112277111, 7.59361432537148, 7.59466676149697, 7.53263997015505, 7.53154112277111, 43.7386625829079, 43.7394433687305, 43.6944371575154, 43.6936575903516, 43.7386625829079))
"58",86,381751.483813806,4843895.10205162,386751.483813806,4838895.10205162,15,1,"boat_153","3289","April","OTB","VL1218","SAN REMO","DPS",19.7983333333333,5.56997420420295,5.7544106543929,1102.76205952878,5711.1711701514,194,5,list(c(7.53154112277111, 7.59361432537148, 7.59466676149697, 7.53263997015505, 7.53154112277111, 43.7386625829079, 43.7394433687305, 43.6944371575154, 43.6936575903516, 43.7386625829079))
"59",86,381751.483813806,4843895.10205162,386751.483813806,4838895.10205162,15,1,"boat_153","3289","June","OTB","VL1218","SAN REMO","DPS",65.0516666666667,1.83886339561466,6.23678124438609,1196.2112865706,6714.45730476581,194,6,list(c(7.53154112277111, 7.59361432537148, 7.59466676149697, 7.53263997015505, 7.53154112277111, 43.7386625829079, 43.7394433687305, 43.6944371575154, 43.6936575903516, 43.7386625829079))
"60",86,381751.483813806,4843895.10205162,386751.483813806,4838895.10205162,15,1,"boat_153","3289","July","OTB","VL1218","SAN REMO","DPS",14.1416666666667,7.56860804672027,6.02637363853696,1070.32732127369,5805.17311817668,194,8,list(c(7.53154112277111, 7.59361432537148, 7.59466676149697, 7.53263997015505, 7.53154112277111, 43.7386625829079, 43.7394433687305, 43.6944371575154, 43.6936575903516, 43.7386625829079))
"61",86,381751.483813806,4843895.10205162,386751.483813806,4838895.10205162,15,1,"boat_153","3290","June","OTB","VL1218","SAN REMO","ARA",33.94,6.69984936541966,24.7151663868788,2273.92887462343,50580.4774394216,454,6,list(c(7.53154112277111, 7.59361432537148, 7.59466676149697, 7.53263997015505, 7.53154112277111, 43.7386625829079, 43.7394433687305, 43.6944371575154, 43.6936575903516, 43.7386625829079))
"62",86,381751.483813806,4843895.10205162,386751.483813806,4838895.10205162,15,1,"boat_153","3291","May","OTB","VL1218","SAN REMO","ARA",59.395,8.13925566043911,21.4248949610598,4834.31089951781,93217.1429081478,454,7,list(c(7.53154112277111, 7.59361432537148, 7.59466676149697, 7.53263997015505, 7.53154112277111, 43.7386625829079, 43.7394433687305, 43.6944371575154, 43.6936575903516, 43.7386625829079))
"63",86,381751.483813806,4843895.10205162,386751.483813806,4838895.10205162,15,1,"boat_153","3291","July","OTB","VL1218","SAN REMO","ARA",19.7983333333333,4.07390961596812,24.1624894594861,806.566205468088,17539.7826942003,454,8,list(c(7.53154112277111, 7.59361432537148, 7.59466676149697, 7.53263997015505, 7.53154112277111, 43.7386625829079, 43.7394433687305, 43.6944371575154, 43.6936575903516, 43.7386625829079))
"64",86,381751.483813806,4843895.10205162,386751.483813806,4838895.10205162,15,1,"boat_153","3291","July","OTB","VL1218","SAN REMO","ARS",19.7983333333333,0.678720144594134,21.6473745237597,134.375276627229,2617.98474589509,454,8,list(c(7.53154112277111, 7.59361432537148, 7.59466676149697, 7.53263997015505, 7.53154112277111, 43.7386625829079, 43.7394433687305, 43.6944371575154, 43.6936575903516, 43.7386625829079))
"65",86,381751.483813806,4843895.10205162,386751.483813806,4838895.10205162,15,1,"boat_153","3291","September","OTB","VL1218","SAN REMO","ARA",35.3541666666667,0.6313430132856,25.9323079569126,223.206061155346,5209.42348415692,454,10,list(c(7.53154112277111, 7.59361432537148, 7.59466676149697, 7.53263997015505, 7.53154112277111, 43.7386625829079, 43.7394433687305, 43.6944371575154, 43.6936575903516, 43.7386625829079))
"66",86,381751.483813806,4843895.10205162,386751.483813806,4838895.10205162,15,1,"boat_153","3291","September","OTB","VL1218","SAN REMO","ARS",35.3541666666667,0.325832285475085,24.945842678512,115.195289260671,2586.27920688213,454,10,list(c(7.53154112277111, 7.59361432537148, 7.59466676149697, 7.53263997015505, 7.53154112277111, 43.7386625829079, 43.7394433687305, 43.6944371575154, 43.6936575903516, 43.7386625829079))
"67",86,381751.483813806,4843895.10205162,386751.483813806,4838895.10205162,15,1,"boat_153","3291","December","OTB","VL1218","SAN REMO","ARA",53.7383333333333,0.498790060575155,37.731616385186,268.041465385412,9102.27397252092,454,8,list(c(7.53154112277111, 7.59361432537148, 7.59466676149697, 7.53263997015505, 7.53154112277111, 43.7386625829079, 43.7394433687305, 43.6944371575154, 43.6936575903516, 43.7386625829079))
"68",86,381751.483813806,4843895.10205162,386751.483813806,4838895.10205162,15,1,"boat_153","3291","December","OTB","VL1218","SAN REMO","ARS",53.7383333333333,0.301675864910437,41.8031859173183,162.115581871787,6099.25302817248,454,8,list(c(7.53154112277111, 7.59361432537148, 7.59466676149697, 7.53263997015505, 7.53154112277111, 43.7386625829079, 43.7394433687305, 43.6944371575154, 43.6936575903516, 43.7386625829079))
"69",87,381751.483813806,4838895.10205162,386751.483813806,4833895.10205162,16,1,"boat_100","2937","January","OTB","VL1824","SAN REMO","ARA",5.1875,6.92268063900528,19.5783417508418,359.114058148399,6327.77198216491,580,12,list(c(7.53263997015505, 7.59466676149697, 7.5957167610195, 7.53373627357357, 7.53263997015505, 43.6936575903516, 43.6944371575154, 43.6494305703131, 43.6486522200045, 43.6936575903516))
"70",155,386751.483813806,4848895.10205162,391751.483813806,4843895.10205162,14,2,"boat_100","3642","May","OTB","VL1824","SAN REMO","DPS",9.51041666666667,5.53208917682943,6.16866067749044,526.124731088048,2920.93644610627,159,10,list(c(7.59255944588038, 7.65468161754976, 7.65568997133298, 7.59361432537148, 7.59255944588038, 43.7844492038753, 43.7851974565324, 43.740190453569, 43.7394433687305, 43.7844492038753))
"71",155,386751.483813806,4848895.10205162,391751.483813806,4843895.10205162,14,2,"boat_100","3642","June","OTB","VL1824","SAN REMO","DPS",5.1875,4.76403282288529,6.23678124438609,247.134202687174,1387.18976414911,159,7,list(c(7.59255944588038, 7.65468161754976, 7.65568997133298, 7.59361432537148, 7.59255944588038, 43.7844492038753, 43.7851974565324, 43.740190453569, 43.7394433687305, 43.7844492038753))
"72",155,386751.483813806,4848895.10205162,391751.483813806,4843895.10205162,14,2,"boat_100","3643","April","OTB","VL1824","SAN REMO","DPS",16.1388888888889,1.03280037943824,5.7544106543929,166.682505681561,863.243627935393,159,8,list(c(7.59255944588038, 7.65468161754976, 7.65568997133298, 7.59361432537148, 7.59255944588038, 43.7844492038753, 43.7851974565324, 43.740190453569, 43.7394433687305, 43.7844492038753))
"73",155,386751.483813806,4848895.10205162,391751.483813806,4843895.10205162,14,2,"boat_100","3998","July","OTB","VL1824","SAN REMO","ARA",11.5277777777778,2.5045819654671,24.1624894594861,288.722643241346,6278.63204163059,390,8,list(c(7.59255944588038, 7.65468161754976, 7.65568997133298, 7.59361432537148, 7.59255944588038, 43.7844492038753, 43.7851974565324, 43.740190453569, 43.7394433687305, 43.7844492038753))
"74",155,386751.483813806,4848895.10205162,391751.483813806,4843895.10205162,14,2,"boat_100","3998","July","OTB","VL1824","SAN REMO","DPS",11.5277777777778,0.062903076179798,6.02637363853696,7.25132683739337,39.3292844075547,390,8,list(c(7.59255944588038, 7.65468161754976, 7.65568997133298, 7.59361432537148, 7.59255944588038, 43.7844492038753, 43.7851974565324, 43.740190453569, 43.7394433687305, 43.7844492038753))
"75",156,386751.483813806,4843895.10205162,391751.483813806,4838895.10205162,15,2,"boat_100","3644","June","OTB","VL1824","SAN REMO","DPS",8.06944444444445,0.366767715942605,6.23678124438609,29.5961170781463,166.126057109674,243,7,list(c(7.59361432537148, 7.65568997133298, 7.6566959894374, 7.59466676149697, 7.59361432537148, 43.7394433687305, 43.740190453569, 43.6951830762665, 43.6944371575154, 43.7394433687305))
"76",156,386751.483813806,4843895.10205162,391751.483813806,4838895.10205162,15,2,"boat_100","3645","January","OTB","VL1824","SAN REMO","DPS",44.9583333333333,1.20711919125899,5.55261824397262,542.700669736855,2712.06867581732,243,12,list(c(7.59361432537148, 7.65568997133298, 7.6566959894374, 7.59466676149697, 7.59361432537148, 43.7394433687305, 43.740190453569, 43.6951830762665, 43.6944371575154, 43.7394433687305))
"77",156,386751.483813806,4843895.10205162,391751.483813806,4838895.10205162,15,2,"boat_100","3645","April","OTB","VL1824","SAN REMO","DPS",21.9027777777778,1.93978960164625,5.7544106543929,424.867805805019,2200.37744558964,243,8,list(c(7.59361432537148, 7.65568997133298, 7.6566959894374, 7.59466676149697, 7.59361432537148, 43.7394433687305, 43.740190453569, 43.6951830762665, 43.6944371575154, 43.7394433687305))
"78",156,386751.483813806,4843895.10205162,391751.483813806,4838895.10205162,15,2,"boat_100","3645","May","OTB","VL1824","SAN REMO","ARA",27.6666666666667,0.331598468027398,21.4248949610598,91.7422428209134,1769.0111243371,243,10,list(c(7.59361432537148, 7.65568997133298, 7.6566959894374, 7.59466676149697, 7.59361432537148, 43.7394433687305, 43.740190453569, 43.6951830762665, 43.6944371575154, 43.7394433687305))
"79",156,386751.483813806,4843895.10205162,391751.483813806,4838895.10205162,15,2,"boat_100","3645","May","OTB","VL1824","SAN REMO","DPS",27.6666666666667,3.43451713869964,6.16866067749044,950.216408373567,5275.4063340962,243,10,list(c(7.59361432537148, 7.65568997133298, 7.6566959894374, 7.59466676149697, 7.59361432537148, 43.7394433687305, 43.740190453569, 43.6951830762665, 43.6944371575154, 43.7394433687305))
"80",156,386751.483813806,4843895.10205162,391751.483813806,4838895.10205162,15,2,"boat_100","3645","July","OTB","VL1824","SAN REMO","ARA",53.6041666666667,1.58673163572505,24.1624894594861,850.554270566781,18496.3577375617,243,8,list(c(7.59361432537148, 7.65568997133298, 7.6566959894374, 7.59466676149697, 7.59361432537148, 43.7394433687305, 43.740190453569, 43.6951830762665, 43.6944371575154, 43.7394433687305))
"81",156,386751.483813806,4843895.10205162,391751.483813806,4838895.10205162,15,2,"boat_100","3645","July","OTB","VL1824","SAN REMO","DPS",53.6041666666667,1.39504002380735,6.02637363853696,747.799579428397,4055.86770513869,243,8,list(c(7.59361432537148, 7.65568997133298, 7.6566959894374, 7.59466676149697, 7.59361432537148, 43.7394433687305, 43.740190453569, 43.6951830762665, 43.6944371575154, 43.7394433687305))
"82",156,386751.483813806,4843895.10205162,391751.483813806,4838895.10205162,15,2,"boat_100","3645","September","OTB","VL1824","SAN REMO","DPS",19.5972222222222,1.21379028133621,5.00136248471149,237.869178745193,1070.70298816081,243,8,list(c(7.59361432537148, 7.65568997133298, 7.6566959894374, 7.59466676149697, 7.59361432537148, 43.7394433687305, 43.740190453569, 43.6951830762665, 43.6944371575154, 43.7394433687305))
"83",156,386751.483813806,4843895.10205162,391751.483813806,4838895.10205162,15,2,"boat_100","3645","December","OTB","VL1824","SAN REMO","ARA",8.64583333333333,2.47264669908775,37.731616385186,213.780912525295,7259.6694436915,243,7,list(c(7.59361432537148, 7.65568997133298, 7.6566959894374, 7.59466676149697, 7.59361432537148, 43.7394433687305, 43.740190453569, 43.6951830762665, 43.6944371575154, 43.7394433687305))
"84",156,386751.483813806,4843895.10205162,391751.483813806,4838895.10205162,15,2,"boat_100","3645","December","OTB","VL1824","SAN REMO","DPS",8.64583333333333,0.534683923451315,6.58751642757973,46.2278808817283,274.074232248526,243,7,list(c(7.59361432537148, 7.65568997133298, 7.6566959894374, 7.59466676149697, 7.59361432537148, 43.7394433687305, 43.740190453569, 43.6951830762665, 43.6944371575154, 43.7394433687305))
"85",156,386751.483813806,4843895.10205162,391751.483813806,4838895.10205162,15,2,"boat_100","3646","April","OTB","VL1824","SAN REMO","ARA",46.1111111111111,1.6224158733354,22.2435982923178,748.113986037991,14976.6722840643,436,8,list(c(7.59361432537148, 7.65568997133298, 7.6566959894374, 7.59466676149697, 7.59361432537148, 43.7394433687305, 43.740190453569, 43.6951830762665, 43.6944371575154, 43.7394433687305))
"86",156,386751.483813806,4843895.10205162,391751.483813806,4838895.10205162,15,2,"boat_100","3646","April","OTB","VL1824","SAN REMO","ARS",46.1111111111111,0.023016947588921,23.9386194635842,10.6133702771138,228.662489060948,436,8,list(c(7.59361432537148, 7.65568997133298, 7.6566959894374, 7.59466676149697, 7.59361432537148, 43.7394433687305, 43.740190453569, 43.6951830762665, 43.6944371575154, 43.7394433687305))
"87",156,386751.483813806,4843895.10205162,391751.483813806,4838895.10205162,15,2,"boat_100","3646","May","OTB","VL1824","SAN REMO","ARA",63.9791666666667,1.65299412148032,21.4248949610598,1057.5718639721,20392.529489437,436,10,list(c(7.59361432537148, 7.65568997133298, 7.6566959894374, 7.59466676149697, 7.59361432537148, 43.7394433687305, 43.740190453569, 43.6951830762665, 43.6944371575154, 43.7394433687305))
"88",156,386751.483813806,4843895.10205162,391751.483813806,4838895.10205162,15,2,"boat_100","3646","July","OTB","VL1824","SAN REMO","ARS",67.4375,0.427179274425269,21.6473745237597,288.079023190541,5612.53905670005,436,8,list(c(7.59361432537148, 7.65568997133298, 7.6566959894374, 7.59466676149697, 7.59361432537148, 43.7394433687305, 43.740190453569, 43.6951830762665, 43.6944371575154, 43.7394433687305))
"89",156,386751.483813806,4843895.10205162,391751.483813806,4838895.10205162,15,2,"boat_100","3648","May","OTB","VL1824","SAN REMO","ARA",48.4166666666667,2.12082118579513,21.4248949610598,1026.83092412247,19799.7702228827,619,10,list(c(7.59361432537148, 7.65568997133298, 7.6566959894374, 7.59466676149697, 7.59361432537148, 43.7394433687305, 43.740190453569, 43.6951830762665, 43.6944371575154, 43.7394433687305))
"90",156,386751.483813806,4843895.10205162,391751.483813806,4838895.10205162,15,2,"boat_100","3648","June","OTB","VL1824","SAN REMO","ARA",44.9583333333333,1.40355342590043,24.7151663868788,631.014227727736,14036.059467701,619,7,list(c(7.59361432537148, 7.65568997133298, 7.6566959894374, 7.59466676149697, 7.59361432537148, 43.7394433687305, 43.740190453569, 43.6951830762665, 43.6944371575154, 43.7394433687305))
"91",156,386751.483813806,4843895.10205162,391751.483813806,4838895.10205162,15,2,"boat_100","3648","June","OTB","VL1824","SAN REMO","ARS",44.9583333333333,1.32115210074849,24.0788103493001,593.967965294842,12871.8377909048,619,7,list(c(7.59361432537148, 7.65568997133298, 7.6566959894374, 7.59466676149697, 7.59361432537148, 43.7394433687305, 43.740190453569, 43.6951830762665, 43.6944371575154, 43.7394433687305))
"92",156,386751.483813806,4843895.10205162,391751.483813806,4838895.10205162,15,2,"boat_100","3648","July","OTB","VL1824","SAN REMO","ARS",83,1.36881065137753,21.6473745237597,1136.11284064335,22134.4741463932,619,8,list(c(7.59361432537148, 7.65568997133298, 7.6566959894374, 7.59466676149697, 7.59361432537148, 43.7394433687305, 43.740190453569, 43.6951830762665, 43.6944371575154, 43.7394433687305))
"93",156,386751.483813806,4843895.10205162,391751.483813806,4838895.10205162,15,2,"boat_100","3648","August","OTB","VL1824","SAN REMO","ARA",42.6527777777778,1.11729593526658,23.7726692199181,476.557752389398,10196.1448305667,619,9,list(c(7.59361432537148, 7.65568997133298, 7.6566959894374, 7.59466676149697, 7.59361432537148, 43.7394433687305, 43.740190453569, 43.6951830762665, 43.6944371575154, 43.7394433687305))
"94",156,386751.483813806,4843895.10205162,391751.483813806,4838895.10205162,15,2,"boat_100","3648","August","OTB","VL1824","SAN REMO","ARS",42.6527777777778,1.6139537950129,24.8386854663541,688.396125622862,15388.9693565428,619,9,list(c(7.59361432537148, 7.65568997133298, 7.6566959894374, 7.59466676149697, 7.59361432537148, 43.7394433687305, 43.740190453569, 43.6951830762665, 43.6944371575154, 43.7394433687305))
"95",156,386751.483813806,4843895.10205162,391751.483813806,4838895.10205162,15,2,"boat_100","3648","September","OTB","VL1824","SAN REMO","ARA",62.25,2.39794348114648,25.9323079569126,1492.71981701368,34838.7029893666,619,8,list(c(7.59361432537148, 7.65568997133298, 7.6566959894374, 7.59466676149697, 7.59361432537148, 43.7394433687305, 43.740190453569, 43.6951830762665, 43.6944371575154, 43.7394433687305))
"96",156,386751.483813806,4843895.10205162,391751.483813806,4838895.10205162,15,2,"boat_100","3648","September","OTB","VL1824","SAN REMO","ARS",62.25,0.438748790850916,24.945842678512,273.121122304695,6131.9128942724,619,8,list(c(7.59361432537148, 7.65568997133298, 7.6566959894374, 7.59466676149697, 7.59361432537148, 43.7394433687305, 43.740190453569, 43.6951830762665, 43.6944371575154, 43.7394433687305))
"97",156,386751.483813806,4843895.10205162,391751.483813806,4838895.10205162,15,2,"boat_100","3648","October","OTB","VL1824","SAN REMO","ARA",13.8333333333333,1.0212036348963,32.1713301919562,141.266502827322,4090.2581767686,619,2,list(c(7.59361432537148, 7.65568997133298, 7.6566959894374, 7.59466676149697, 7.59361432537148, 43.7394433687305, 43.740190453569, 43.6951830762665, 43.6944371575154, 43.7394433687305))
"98",156,386751.483813806,4843895.10205162,391751.483813806,4838895.10205162,15,2,"boat_100","3648","October","OTB","VL1824","SAN REMO","ARS",13.8333333333333,0.327044228380927,31.4571133052465,45.2411182593615,1280.83948482671,619,2,list(c(7.59361432537148, 7.65568997133298, 7.6566959894374, 7.59466676149697, 7.59361432537148, 43.7394433687305, 43.740190453569, 43.6951830762665, 43.6944371575154, 43.7394433687305))
"99",156,386751.483813806,4843895.10205162,391751.483813806,4838895.10205162,15,2,"boat_100","3648","November","OTB","VL1824","SAN REMO","ARA",6.91666666666667,2.17561629211123,37.1513233542056,150.480126871027,5031.48226659066,619,6,list(c(7.59361432537148, 7.65568997133298, 7.6566959894374, 7.59466676149697, 7.59361432537148, 43.7394433687305, 43.740190453569, 43.6951830762665, 43.6944371575154, 43.7394433687305))
"100",156,386751.483813806,4843895.10205162,391751.483813806,4838895.10205162,15,2,"boat_100","3648","November","OTB","VL1824","SAN REMO","ARS",6.91666666666667,0.664278128313973,41.0476496419006,45.9459038750498,1697.37422826914,619,6,list(c(7.59361432537148, 7.65568997133298, 7.6566959894374, 7.59466676149697, 7.59361432537148, 43.7394433687305, 43.740190453569, 43.6951830762665, 43.6944371575154, 43.7394433687305))
"101",156,386751.483813806,4843895.10205162,391751.483813806,4838895.10205162,15,2,"boat_100","4000","January","OTB","VL1824","SAN REMO","ARA",17.2916666666667,6.74178264683369,19.5783417508418,1165.76658268166,20541.3989017072,432,12,list(c(7.59361432537148, 7.65568997133298, 7.6566959894374, 7.59466676149697, 7.59361432537148, 43.7394433687305, 43.740190453569, 43.6951830762665, 43.6944371575154, 43.7394433687305))
"102",156,386751.483813806,4843895.10205162,391751.483813806,4838895.10205162,15,2,"boat_100","4004","September","OTB","VL1824","SAN REMO","ARA",53.6041666666667,0.778016235794929,25.9323079569126,417.04911972924,9733.54158538018,703,8,list(c(7.59361432537148, 7.65568997133298, 7.6566959894374, 7.59466676149697, 7.59361432537148, 43.7394433687305, 43.740190453569, 43.6951830762665, 43.6944371575154, 43.7394433687305))
"103",156,386751.483813806,4843895.10205162,391751.483813806,4838895.10205162,15,2,"boat_100","4004","September","OTB","VL1824","SAN REMO","ARS",53.6041666666667,0.595252301968677,24.945842678512,319.080036034459,7163.7483426926,703,8,list(c(7.59361432537148, 7.65568997133298, 7.6566959894374, 7.59466676149697, 7.59361432537148, 43.7394433687305, 43.740190453569, 43.6951830762665, 43.6944371575154, 43.7394433687305))
"104",156,386751.483813806,4843895.10205162,391751.483813806,4838895.10205162,15,2,"boat_100","4360","July","OTB","VL1824","SAN REMO","ARA",17.2916666666667,1.52161821858125,24.1624894594861,263.113150296342,5721.72184861878,703,8,list(c(7.59361432537148, 7.65568997133298, 7.6566959894374, 7.59466676149697, 7.59361432537148, 43.7394433687305, 43.740190453569, 43.6951830762665, 43.6944371575154, 43.7394433687305))
"105",156,386751.483813806,4843895.10205162,391751.483813806,4838895.10205162,15,2,"boat_100","4360","July","OTB","VL1824","SAN REMO","ARS",17.2916666666667,4.62624539126549,21.6473745237597,799.954932239658,15585.2316182886,703,8,list(c(7.59361432537148, 7.65568997133298, 7.6566959894374, 7.59466676149697, 7.59361432537148, 43.7394433687305, 43.740190453569, 43.6951830762665, 43.6944371575154, 43.7394433687305))
"106",156,386751.483813806,4843895.10205162,391751.483813806,4838895.10205162,15,2,"boat_153","3644","May","OTB","VL1218","SAN REMO","DPS",8.485,4.03360310409963,6.16866067749044,342.251223382854,1900.10849715433,243,7,list(c(7.59361432537148, 7.65568997133298, 7.6566959894374, 7.59466676149697, 7.59361432537148, 43.7394433687305, 43.740190453569, 43.6951830762665, 43.6944371575154, 43.7394433687305))
"107",156,386751.483813806,4843895.10205162,391751.483813806,4838895.10205162,15,2,"boat_153","3645","September","OTB","VL1218","SAN REMO","ARA",79.1933333333333,8.936033073653,25.9323079569126,7076.74245879493,165164.638295906,243,10,list(c(7.59361432537148, 7.65568997133298, 7.6566959894374, 7.59466676149697, 7.59361432537148, 43.7394433687305, 43.740190453569, 43.6951830762665, 43.6944371575154, 43.7394433687305))
"108",156,386751.483813806,4843895.10205162,391751.483813806,4838895.10205162,15,2,"boat_153","3645","September","OTB","VL1218","SAN REMO","DPS",79.1933333333333,3.21754706979377,5.00136248471149,2548.08277613868,11469.4970440675,243,10,list(c(7.59361432537148, 7.65568997133298, 7.6566959894374, 7.59466676149697, 7.59361432537148, 43.7394433687305, 43.740190453569, 43.6951830762665, 43.6944371575154, 43.7394433687305))
"109",156,386751.483813806,4843895.10205162,391751.483813806,4838895.10205162,15,2,"boat_153","3646","December","OTB","VL1218","SAN REMO","ARA",8.485,2.92138205648991,37.731616385186,247.879267493169,8417.59688780383,436,8,list(c(7.59361432537148, 7.65568997133298, 7.6566959894374, 7.59466676149697, 7.59361432537148, 43.7394433687305, 43.740190453569, 43.6951830762665, 43.6944371575154, 43.7394433687305))
"110",156,386751.483813806,4843895.10205162,391751.483813806,4838895.10205162,15,2,"boat_153","3647","April","OTB","VL1218","SAN REMO","ARA",22.6266666666667,1.32778819020147,22.2435982923178,300.434207836254,6014.46404914231,436,5,list(c(7.59361432537148, 7.65568997133298, 7.6566959894374, 7.59466676149697, 7.59361432537148, 43.7394433687305, 43.740190453569, 43.6951830762665, 43.6944371575154, 43.7394433687305))
"111",156,386751.483813806,4843895.10205162,391751.483813806,4838895.10205162,15,2,"boat_153","3648","June","OTB","VL1218","SAN REMO","ARA",50.91,0.432785492462088,24.7151663868788,220.331094212449,4900.96768829737,619,6,list(c(7.59361432537148, 7.65568997133298, 7.6566959894374, 7.59466676149697, 7.59361432537148, 43.7394433687305, 43.740190453569, 43.6951830762665, 43.6944371575154, 43.7394433687305))
"112",156,386751.483813806,4843895.10205162,391751.483813806,4838895.10205162,15,2,"boat_153","3648","September","OTB","VL1218","SAN REMO","ARA",26.8691666666667,0.825507270064913,25.9323079569126,221.806924239191,5176.76891971167,619,10,list(c(7.59361432537148, 7.65568997133298, 7.6566959894374, 7.59466676149697, 7.59361432537148, 43.7394433687305, 43.740190453569, 43.6951830762665, 43.6944371575154, 43.7394433687305))
"113",156,386751.483813806,4843895.10205162,391751.483813806,4838895.10205162,15,2,"boat_153","3648","September","OTB","VL1218","SAN REMO","ARS",26.8691666666667,0.426039276306791,24.945842678512,114.473203216332,2570.06746650596,619,10,list(c(7.59361432537148, 7.65568997133298, 7.6566959894374, 7.59466676149697, 7.59361432537148, 43.7394433687305, 43.740190453569, 43.6951830762665, 43.6944371575154, 43.7394433687305))
"114",157,386751.483813806,4838895.10205162,391751.483813806,4833895.10205162,16,2,"boat_100","3649","June","OTB","VL1824","SAN REMO","ARA",51.875,1.35254431358558,24.7151663868788,701.632362672521,15606.8645272832,619,7,list(c(7.59466676149697, 7.6566959894374, 7.657699678328, 7.5957167610195, 7.59466676149697, 43.6944371575154, 43.6951830762665, 43.6501753247026, 43.6494305703131, 43.6944371575154))
"115",157,386751.483813806,4838895.10205162,391751.483813806,4833895.10205162,16,2,"boat_100","3649","July","OTB","VL1824","SAN REMO","ARA",63.9791666666667,0.456717571059045,24.1624894594861,292.204095983818,6354.3405503049,619,8,list(c(7.59466676149697, 7.6566959894374, 7.657699678328, 7.5957167610195, 7.59466676149697, 43.6944371575154, 43.6951830762665, 43.6501753247026, 43.6494305703131, 43.6944371575154))
"116",157,386751.483813806,4838895.10205162,391751.483813806,4833895.10205162,16,2,"boat_100","4005","August","OTB","VL1824","SAN REMO","ARA",18.4444444444444,3.63487280485698,23.7726692199181,670.432095118065,14344.1643884925,703,9,list(c(7.59466676149697, 7.6566959894374, 7.657699678328, 7.5957167610195, 7.59466676149697, 43.6944371575154, 43.6951830762665, 43.6501753247026, 43.6494305703131, 43.6944371575154))
"117",157,386751.483813806,4838895.10205162,391751.483813806,4833895.10205162,16,2,"boat_153","3649","May","OTB","VL1218","SAN REMO","ARA",33.94,1.39265884336779,21.4248949610598,472.668411439029,9114.18395984296,619,7,list(c(7.59466676149697, 7.6566959894374, 7.657699678328, 7.5957167610195, 7.59466676149697, 43.6944371575154, 43.6951830762665, 43.6501753247026, 43.6494305703131, 43.6944371575154))
"118",157,386751.483813806,4838895.10205162,391751.483813806,4833895.10205162,16,2,"boat_153","4005","June","OTB","VL1218","SAN REMO","ARA",43.8391666666667,0.765779991581936,24.7151663868788,335.711566809591,7467.45050852895,703,6,list(c(7.59466676149697, 7.6566959894374, 7.657699678328, 7.5957167610195, 7.59466676149697, 43.6944371575154, 43.6951830762665, 43.6501753247026, 43.6494305703131, 43.6944371575154))
"119",157,386751.483813806,4838895.10205162,391751.483813806,4833895.10205162,16,2,"boat_153","4005","June","OTB","VL1218","SAN REMO","ARS",43.8391666666667,0.455586438273268,24.0788103493001,199.725297985348,4328.23281493199,703,6,list(c(7.59466676149697, 7.6566959894374, 7.657699678328, 7.5957167610195, 7.59466676149697, 43.6944371575154, 43.6951830762665, 43.6501753247026, 43.6494305703131, 43.6944371575154))
"120",226,391751.483813806,4843895.10205162,396751.483813806,4838895.10205162,15,3,"boat_153","6848","June","OTB","VL1218","SAN REMO","ARA",8.485,58.5322627732823,24.7151663868788,4966.462496313,110472.252255512,564,6,list(c(7.65568997133298, 7.717767952969, 7.71872754658739, 7.6566959894374, 7.65568997133298, 43.740190453569, 43.7409038338887, 43.6958953430796, 43.6951830762665, 43.740190453569))
"121",295,396751.483813806,4848895.10205162,401751.483813806,4843895.10205162,14,4,"boat_153","7559","July","OTB","VL1218","SAN REMO","ARA",8.485,4.35322781603915,24.1624894594861,369.371380190922,8032.43887244909,231,8,list(c(7.71680613138426, 7.77893287937268, 7.7798481625673, 7.717767952969, 7.71680613138426, 43.785911952012, 43.7865926869297, 43.7415835063142, 43.7409038338887, 43.785911952012))
"122",295,396751.483813806,4848895.10205162,401751.483813806,4843895.10205162,14,4,"boat_153","8271","January","OTB","VL1218","SAN REMO","DPS",11.3133333333333,1.09273758427509,5.55261824397262,123.625045367655,617.798414088348,267,6,list(c(7.71680613138426, 7.77893287937268, 7.7798481625673, 7.717767952969, 7.71680613138426, 43.785911952012, 43.7865926869297, 43.7415835063142, 43.7409038338887, 43.785911952012))
"123",295,396751.483813806,4848895.10205162,401751.483813806,4843895.10205162,14,4,"boat_153","8627","December","OTB","VL1218","SAN REMO","DPS",15.5558333333333,10.3251439709253,6.58751642757973,1606.16218754385,9522.55781622226,294,8,list(c(7.71680613138426, 7.77893287937268, 7.7798481625673, 7.717767952969, 7.71680613138426, 43.785911952012, 43.7865926869297, 43.7415835063142, 43.7409038338887, 43.785911952012))
"124",296,396751.483813806,4843895.10205162,401751.483813806,4838895.10205162,15,4,"boat_100","7561","March","OTB","VL1824","SAN REMO","ARA",38.0416666666667,4.22208952611274,21.5689673368457,1606.15322389205,31178.7597816874,360,6,list(c(7.717767952969, 7.7798481625673, 7.78076132553249, 7.71872754658739, 7.717767952969, 43.7409038338887, 43.7415835063142, 43.6965739545883, 43.6958953430796, 43.7409038338887))
"125",296,396751.483813806,4843895.10205162,401751.483813806,4838895.10205162,15,4,"boat_100","7561","August","OTB","VL1824","SAN REMO","DPS",20.75,2.35457214408502,5.93221447134711,488.573719897642,2608.49168234702,360,9,list(c(7.717767952969, 7.7798481625673, 7.78076132553249, 7.71872754658739, 7.717767952969, 43.7409038338887, 43.7415835063142, 43.6965739545883, 43.6958953430796, 43.7409038338887))
"126",296,396751.483813806,4843895.10205162,401751.483813806,4838895.10205162,15,4,"boat_100","7918","September","OTB","VL1824","SAN REMO","ARA",3.45833333333333,0.860881373120826,25.9323079569126,29.7721474870952,694.854447456578,664,8,list(c(7.717767952969, 7.7798481625673, 7.78076132553249, 7.71872754658739, 7.717767952969, 43.7409038338887, 43.7415835063142, 43.6965739545883, 43.6958953430796, 43.7409038338887))
"127",296,396751.483813806,4843895.10205162,401751.483813806,4838895.10205162,15,4,"boat_100","8628","March","OTB","VL1824","SAN REMO","ARA",44.9583333333333,1.54228058206562,21.5689673368457,693.383645020336,13460.012272212,603,6,list(c(7.717767952969, 7.7798481625673, 7.78076132553249, 7.71872754658739, 7.717767952969, 43.7409038338887, 43.7415835063142, 43.6965739545883, 43.6958953430796, 43.7409038338887))
"128",296,396751.483813806,4843895.10205162,401751.483813806,4838895.10205162,15,4,"boat_153","7561","July","OTB","VL1218","SAN REMO","DPS",5.65666666666667,4.03313436395089,6.02637363853696,228.140967187488,1237.3764394761,360,8,list(c(7.717767952969, 7.7798481625673, 7.78076132553249, 7.71872754658739, 7.717767952969, 43.7409038338887, 43.7415835063142, 43.6965739545883, 43.6958953430796, 43.7409038338887))
"129",296,396751.483813806,4843895.10205162,401751.483813806,4838895.10205162,15,4,"boat_153","7561","August","OTB","VL1218","SAN REMO","DPS",5.65666666666667,3.03789779537758,5.93221447134711,171.843751958525,917.472592961051,360,6,list(c(7.717767952969, 7.7798481625673, 7.78076132553249, 7.71872754658739, 7.717767952969, 43.7409038338887, 43.7415835063142, 43.6965739545883, 43.6958953430796, 43.7409038338887))
"130",296,396751.483813806,4843895.10205162,401751.483813806,4838895.10205162,15,4,"boat_153","7561","September","OTB","VL1218","SAN REMO","DPS",5.65666666666667,6.69717682739117,5.00136248471149,378.836969202761,1705.23090503324,360,10,list(c(7.717767952969, 7.7798481625673, 7.78076132553249, 7.71872754658739, 7.717767952969, 43.7409038338887, 43.7415835063142, 43.6965739545883, 43.6958953430796, 43.7409038338887))
"131",296,396751.483813806,4843895.10205162,401751.483813806,4838895.10205162,15,4,"boat_153","7562","September","OTB","VL1218","SAN REMO","ARA",2.82833333333333,0.963974177292138,25.9323079569126,27.2644029810793,636.326004930044,657,10,list(c(7.717767952969, 7.7798481625673, 7.78076132553249, 7.71872754658739, 7.717767952969, 43.7409038338887, 43.7415835063142, 43.6965739545883, 43.6958953430796, 43.7409038338887))
"132",296,396751.483813806,4843895.10205162,401751.483813806,4838895.10205162,15,4,"boat_153","7916","March","OTB","VL1218","SAN REMO","ARA",12.7275,4.07708010815604,21.5689673368457,518.91037076556,10073.1247540136,422,5,list(c(7.717767952969, 7.7798481625673, 7.78076132553249, 7.71872754658739, 7.717767952969, 43.7409038338887, 43.7415835063142, 43.6965739545883, 43.6958953430796, 43.7409038338887))
"133",296,396751.483813806,4843895.10205162,401751.483813806,4838895.10205162,15,4,"boat_153","7916","March","OTB","VL1218","SAN REMO","ARS",12.7275,2.35769893586869,25.1869705386644,300.076132062687,6802.20782785735,422,5,list(c(7.717767952969, 7.7798481625673, 7.78076132553249, 7.71872754658739, 7.717767952969, 43.7409038338887, 43.7415835063142, 43.6965739545883, 43.6958953430796, 43.7409038338887))
"134",296,396751.483813806,4843895.10205162,401751.483813806,4838895.10205162,15,4,"boat_153","7918","September","OTB","VL1218","SAN REMO","ARA",5.65666666666667,0.79209514883829,25.9323079569126,44.8061822526193,1045.73494489363,664,10,list(c(7.717767952969, 7.7798481625673, 7.78076132553249, 7.71872754658739, 7.717767952969, 43.7409038338887, 43.7415835063142, 43.6965739545883, 43.6958953430796, 43.7409038338887))
"135",296,396751.483813806,4843895.10205162,401751.483813806,4838895.10205162,15,4,"boat_153","8273","July","OTB","VL1218","SAN REMO","ARA",17.9127777777778,0.632741199062665,24.1624894594861,113.341524896542,2464.75206057129,603,8,list(c(7.717767952969, 7.7798481625673, 7.78076132553249, 7.71872754658739, 7.717767952969, 43.7409038338887, 43.7415835063142, 43.6965739545883, 43.6958953430796, 43.7409038338887))
"136",296,396751.483813806,4843895.10205162,401751.483813806,4838895.10205162,15,4,"boat_153","8273","August","OTB","VL1218","SAN REMO","ARA",11.3133333333333,1.6242268575055,23.7726692199181,183.754198479122,3931.4950003938,603,6,list(c(7.717767952969, 7.7798481625673, 7.78076132553249, 7.71872754658739, 7.717767952969, 43.7409038338887, 43.7415835063142, 43.6965739545883, 43.6958953430796, 43.7409038338887))
"137",296,396751.483813806,4843895.10205162,401751.483813806,4838895.10205162,15,4,"boat_153","8273","August","OTB","VL1218","SAN REMO","ARS",11.3133333333333,0.286703002195956,24.8386854663541,32.4356663151025,725.093382143204,603,6,list(c(7.717767952969, 7.7798481625673, 7.78076132553249, 7.71872754658739, 7.717767952969, 43.7409038338887, 43.7415835063142, 43.6965739545883, 43.6958953430796, 43.7409038338887))
"138",296,396751.483813806,4843895.10205162,401751.483813806,4838895.10205162,15,4,"boat_153","8273","September","OTB","VL1218","SAN REMO","ARA",5.65666666666667,0.734747596673355,25.9323079569126,41.5622223851561,970.023915239,603,10,list(c(7.717767952969, 7.7798481625673, 7.78076132553249, 7.71872754658739, 7.717767952969, 43.7409038338887, 43.7415835063142, 43.6965739545883, 43.6958953430796, 43.7409038338887))
"139",365,401751.483813806,4848895.10205162,406751.483813806,4843895.10205162,14,5,"boat_100","10406","March","OTB","VL1824","SAN REMO","DPS",10.375,0.143573435944215,5.83805473815622,14.8957439792123,78.2659518445822,290,6,list(c(7.77893287937268, 7.8410617534792, 7.84193049239117, 7.7798481625673, 7.77893287937268, 43.7865926869297, 43.7872396580608, 43.7422294676296, 43.7415835063142, 43.7865926869297))
"140",365,401751.483813806,4848895.10205162,406751.483813806,4843895.10205162,14,5,"boat_100","8983","March","OTB","VL1824","SAN REMO","DPS",20.75,2.10304151640882,5.83805473815622,436.381114654831,2292.85515064728,337,6,list(c(7.77893287937268, 7.8410617534792, 7.84193049239117, 7.7798481625673, 7.77893287937268, 43.7865926869297, 43.7872396580608, 43.7422294676296, 43.7415835063142, 43.7865926869297))
"141",365,401751.483813806,4848895.10205162,406751.483813806,4843895.10205162,14,5,"boat_100","9339","February","OTB","VL1824","SAN REMO","DPS",3.45833333333333,1.75968779944412,5.71644260087317,60.8558697307758,313.091177617975,376,6,list(c(7.77893287937268, 7.8410617534792, 7.84193049239117, 7.7798481625673, 7.77893287937268, 43.7865926869297, 43.7872396580608, 43.7422294676296, 43.7415835063142, 43.7865926869297))
"142",365,401751.483813806,4848895.10205162,406751.483813806,4843895.10205162,14,5,"boat_153","10049","January","OTB","VL1218","SAN REMO","ARA",2.82833333333333,0.523572960515417,19.5783417508418,14.8083885665777,260.931322922144,218,6,list(c(7.77893287937268, 7.8410617534792, 7.84193049239117, 7.7798481625673, 7.77893287937268, 43.7865926869297, 43.7872396580608, 43.7422294676296, 43.7415835063142, 43.7865926869297))
"143",365,401751.483813806,4848895.10205162,406751.483813806,4843895.10205162,14,5,"boat_153","10049","January","OTB","VL1218","SAN REMO","DPS",2.82833333333333,1.69549881117868,5.55261824397262,47.9543580428371,239.645019011987,218,6,list(c(7.77893287937268, 7.8410617534792, 7.84193049239117, 7.7798481625673, 7.77893287937268, 43.7865926869297, 43.7872396580608, 43.7422294676296, 43.7415835063142, 43.7865926869297))
"144",365,401751.483813806,4848895.10205162,406751.483813806,4843895.10205162,14,5,"boat_153","10051","May","OTB","VL1218","SAN REMO","ARS",2.82833333333333,0.309829461587967,25.3359006610148,8.76300993857966,199.816874365806,415,7,list(c(7.77893287937268, 7.8410617534792, 7.84193049239117, 7.7798481625673, 7.77893287937268, 43.7865926869297, 43.7872396580608, 43.7422294676296, 43.7415835063142, 43.7865926869297))
"145",365,401751.483813806,4848895.10205162,406751.483813806,4843895.10205162,14,5,"boat_153","10051","December","OTB","VL1218","SAN REMO","ARA",16.0272222222222,8.32608412060161,37.731616385186,1334.44000441798,45315.5205021705,415,8,list(c(7.77893287937268, 7.8410617534792, 7.84193049239117, 7.7798481625673, 7.77893287937268, 43.7865926869297, 43.7872396580608, 43.7422294676296, 43.7415835063142, 43.7865926869297))
"146",365,401751.483813806,4848895.10205162,406751.483813806,4843895.10205162,14,5,"boat_153","10406","January","OTB","VL1218","SAN REMO","DPS",4.71388888888889,6.41061682533677,5.55261824397262,302.189354238791,1510.14790933256,290,6,list(c(7.77893287937268, 7.8410617534792, 7.84193049239117, 7.7798481625673, 7.77893287937268, 43.7865926869297, 43.7872396580608, 43.7422294676296, 43.7415835063142, 43.7865926869297))
"147",365,401751.483813806,4848895.10205162,406751.483813806,4843895.10205162,14,5,"boat_153","8982","January","OTB","VL1218","SAN REMO","ARA",4.71388888888889,1.01912854011968,19.5783417508418,48.040587016197,846.499527462741,337,6,list(c(7.77893287937268, 7.8410617534792, 7.84193049239117, 7.7798481625673, 7.77893287937268, 43.7865926869297, 43.7872396580608, 43.7422294676296, 43.7415835063142, 43.7865926869297))
"148",365,401751.483813806,4848895.10205162,406751.483813806,4843895.10205162,14,5,"boat_153","8982","January","OTB","VL1218","SAN REMO","DPS",4.71388888888889,1.49552044606804,5.55261824397262,70.497172138263,352.299495747057,337,6,list(c(7.77893287937268, 7.8410617534792, 7.84193049239117, 7.7798481625673, 7.77893287937268, 43.7865926869297, 43.7872396580608, 43.7422294676296, 43.7415835063142, 43.7865926869297))
"149",365,401751.483813806,4848895.10205162,406751.483813806,4843895.10205162,14,5,"boat_153","8982","February","OTB","VL1218","SAN REMO","DPS",4.2425,1.83342924425652,5.71644260087317,77.7832356875831,400.179061906432,337,5,list(c(7.77893287937268, 7.8410617534792, 7.84193049239117, 7.7798481625673, 7.77893287937268, 43.7865926869297, 43.7872396580608, 43.7422294676296, 43.7415835063142, 43.7865926869297))
"150",365,401751.483813806,4848895.10205162,406751.483813806,4843895.10205162,14,5,"boat_153","8983","April","OTB","VL1218","SAN REMO","ARA",15.5558333333333,1.59775463432682,22.2435982923178,248.544047991489,4975.66256532232,337,5,list(c(7.77893287937268, 7.8410617534792, 7.84193049239117, 7.7798481625673, 7.77893287937268, 43.7865926869297, 43.7872396580608, 43.7422294676296, 43.7415835063142, 43.7865926869297))
"151",365,401751.483813806,4848895.10205162,406751.483813806,4843895.10205162,14,5,"boat_153","8983","April","OTB","VL1218","SAN REMO","DPS",15.5558333333333,1.39936275843312,5.7544106543929,217.682538430592,1127.37124657826,337,5,list(c(7.77893287937268, 7.8410617534792, 7.84193049239117, 7.7798481625673, 7.77893287937268, 43.7865926869297, 43.7872396580608, 43.7422294676296, 43.7415835063142, 43.7865926869297))
"152",365,401751.483813806,4848895.10205162,406751.483813806,4843895.10205162,14,5,"boat_153","8983","May","OTB","VL1218","SAN REMO","DPS",6.59944444444444,11.7616056903578,6.16866067749044,776.200633309778,4309.30649208708,337,7,list(c(7.77893287937268, 7.8410617534792, 7.84193049239117, 7.7798481625673, 7.77893287937268, 43.7865926869297, 43.7872396580608, 43.7422294676296, 43.7415835063142, 43.7865926869297))
"153",365,401751.483813806,4848895.10205162,406751.483813806,4843895.10205162,14,5,"boat_153","8983","June","OTB","VL1218","SAN REMO","DPS",9.42777777777778,1.24754510067858,6.23678124438609,117.615779769531,660.189500379407,337,6,list(c(7.77893287937268, 7.8410617534792, 7.84193049239117, 7.7798481625673, 7.77893287937268, 43.7865926869297, 43.7872396580608, 43.7422294676296, 43.7415835063142, 43.7865926869297))
"154",365,401751.483813806,4848895.10205162,406751.483813806,4843895.10205162,14,5,"boat_153","8983","July","OTB","VL1218","SAN REMO","DPS",12.7275,2.40978797225094,6.02637363853696,306.705764168238,1663.49117877372,337,8,list(c(7.77893287937268, 7.8410617534792, 7.84193049239117, 7.7798481625673, 7.77893287937268, 43.7865926869297, 43.7872396580608, 43.7422294676296, 43.7415835063142, 43.7865926869297))
"155",365,401751.483813806,4848895.10205162,406751.483813806,4843895.10205162,14,5,"boat_153","8983","August","OTB","VL1218","SAN REMO","DPS",5.65666666666667,1.33071477405716,5.93221447134711,75.2740990524999,401.88788974517,337,6,list(c(7.77893287937268, 7.8410617534792, 7.84193049239117, 7.7798481625673, 7.77893287937268, 43.7865926869297, 43.7872396580608, 43.7422294676296, 43.7415835063142, 43.7865926869297))
"156",365,401751.483813806,4848895.10205162,406751.483813806,4843895.10205162,14,5,"boat_153","9338","May","OTB","VL1218","SAN REMO","DPS",7.54222222222222,2.34951527964188,6.16866067749044,177.205663535656,983.809447632905,376,7,list(c(7.77893287937268, 7.8410617534792, 7.84193049239117, 7.7798481625673, 7.77893287937268, 43.7865926869297, 43.7872396580608, 43.7422294676296, 43.7415835063142, 43.7865926869297))
"157",365,401751.483813806,4848895.10205162,406751.483813806,4843895.10205162,14,5,"boat_153","9339","February","OTB","VL1218","SAN REMO","ARA",4.94958333333333,0.30241307308142,26.8057018241345,14.9681870630591,361.109483334207,376,5,list(c(7.77893287937268, 7.8410617534792, 7.84193049239117, 7.7798481625673, 7.77893287937268, 43.7865926869297, 43.7872396580608, 43.7422294676296, 43.7415835063142, 43.7865926869297))
"158",365,401751.483813806,4848895.10205162,406751.483813806,4843895.10205162,14,5,"boat_153","9339","February","OTB","VL1218","SAN REMO","DPS",4.94958333333333,1.17605728749791,5.71644260087317,58.2099354924484,299.4783795388,376,5,list(c(7.77893287937268, 7.8410617534792, 7.84193049239117, 7.7798481625673, 7.77893287937268, 43.7865926869297, 43.7872396580608, 43.7422294676296, 43.7415835063142, 43.7865926869297))
"159",365,401751.483813806,4848895.10205162,406751.483813806,4843895.10205162,14,5,"boat_153","9339","April","OTB","VL1218","SAN REMO","ARA",12.7275,0.358901068006805,22.2435982923178,45.6791334305661,914.461464933627,376,5,list(c(7.77893287937268, 7.8410617534792, 7.84193049239117, 7.7798481625673, 7.77893287937268, 43.7865926869297, 43.7872396580608, 43.7422294676296, 43.7415835063142, 43.7865926869297))
"160",365,401751.483813806,4848895.10205162,406751.483813806,4843895.10205162,14,5,"boat_153","9339","April","OTB","VL1218","SAN REMO","ARS",12.7275,0.208391886860194,23.9386194635842,26.5230774001311,571.433271196436,376,5,list(c(7.77893287937268, 7.8410617534792, 7.84193049239117, 7.7798481625673, 7.77893287937268, 43.7865926869297, 43.7872396580608, 43.7422294676296, 43.7415835063142, 43.7865926869297))
"161",365,401751.483813806,4848895.10205162,406751.483813806,4843895.10205162,14,5,"boat_153","9339","April","OTB","VL1218","SAN REMO","DPS",12.7275,1.01014923103618,5.7544106543929,128.566743380129,665.843254116493,376,5,list(c(7.77893287937268, 7.8410617534792, 7.84193049239117, 7.7798481625673, 7.77893287937268, 43.7865926869297, 43.7872396580608, 43.7422294676296, 43.7415835063142, 43.7865926869297))
"162",365,401751.483813806,4848895.10205162,406751.483813806,4843895.10205162,14,5,"boat_153","9339","June","OTB","VL1218","SAN REMO","DPS",14.1416666666667,2.67839876146628,6.23678124438609,378.770224850689,2126.07633085261,376,6,list(c(7.77893287937268, 7.8410617534792, 7.84193049239117, 7.7798481625673, 7.77893287937268, 43.7865926869297, 43.7872396580608, 43.7422294676296, 43.7415835063142, 43.7865926869297))
"163",365,401751.483813806,4848895.10205162,406751.483813806,4843895.10205162,14,5,"boat_153","9339","July","OTB","VL1218","SAN REMO","DPS",29.2261111111111,0.85336133064548,6.02637363853696,249.404330673704,1352.70331533807,376,8,list(c(7.77893287937268, 7.8410617534792, 7.84193049239117, 7.7798481625673, 7.77893287937268, 43.7865926869297, 43.7872396580608, 43.7422294676296, 43.7415835063142, 43.7865926869297))
"164",365,401751.483813806,4848895.10205162,406751.483813806,4843895.10205162,14,5,"boat_153","9694","July","OTB","VL1218","SAN REMO","DPS",2.82833333333333,1.03194396596035,6.02637363853696,29.1868151705786,158.301588183143,376,8,list(c(7.77893287937268, 7.8410617534792, 7.84193049239117, 7.7798481625673, 7.77893287937268, 43.7865926869297, 43.7872396580608, 43.7422294676296, 43.7415835063142, 43.7865926869297))
"165",366,401751.483813806,4843895.10205162,406751.483813806,4838895.10205162,15,5,"boat_100","10052","February","OTB","VL1824","SAN REMO","ARA",24.2083333333333,1.26485225432954,26.8057018241345,306.199649902277,7387.10686254133,632,6,list(c(7.7798481625673, 7.84193049239117, 7.84279721883388, 7.78076132553249, 7.7798481625673, 43.7415835063142, 43.7422294676296, 43.6972189075853, 43.6965739545883, 43.7415835063142))
"166",366,401751.483813806,4843895.10205162,406751.483813806,4838895.10205162,15,5,"boat_100","10052","February","OTB","VL1824","SAN REMO","ARS",24.2083333333333,0.822244237383451,25.8690834087981,199.05162579991,4634.35479942727,632,6,list(c(7.7798481625673, 7.84193049239117, 7.84279721883388, 7.78076132553249, 7.7798481625673, 43.7415835063142, 43.7422294676296, 43.6972189075853, 43.6965739545883, 43.7415835063142))
"167",366,401751.483813806,4843895.10205162,406751.483813806,4838895.10205162,15,5,"boat_100","10052","March","OTB","VL1824","SAN REMO","ARA",76.0833333333333,0.507402235831294,21.5689673368457,386.04853442831,7494.00140656923,632,6,list(c(7.7798481625673, 7.84193049239117, 7.84279721883388, 7.78076132553249, 7.7798481625673, 43.7415835063142, 43.7422294676296, 43.6972189075853, 43.6965739545883, 43.7415835063142))
"168",366,401751.483813806,4843895.10205162,406751.483813806,4838895.10205162,15,5,"boat_100","10052","March","OTB","VL1824","SAN REMO","ARS",76.0833333333333,0.489359123241416,25.1869705386644,372.320732932844,8439.86819818213,632,6,list(c(7.7798481625673, 7.84193049239117, 7.84279721883388, 7.78076132553249, 7.7798481625673, 43.7415835063142, 43.7422294676296, 43.6972189075853, 43.6965739545883, 43.7415835063142))
"169",366,401751.483813806,4843895.10205162,406751.483813806,4838895.10205162,15,5,"boat_100","8984","December","OTB","VL1824","SAN REMO","ARA",72.625,4.21597661357592,37.731616385186,3061.85301560952,103975.797071523,588,7,list(c(7.7798481625673, 7.84193049239117, 7.84279721883388, 7.78076132553249, 7.7798481625673, 43.7415835063142, 43.7422294676296, 43.6972189075853, 43.6965739545883, 43.7415835063142))
"170",366,401751.483813806,4843895.10205162,406751.483813806,4838895.10205162,15,5,"boat_100","8984","December","OTB","VL1824","SAN REMO","ARS",72.625,0.956426576857618,41.8031859173183,694.604801442845,26133.0242883995,588,7,list(c(7.7798481625673, 7.84193049239117, 7.84279721883388, 7.78076132553249, 7.7798481625673, 43.7415835063142, 43.7422294676296, 43.6972189075853, 43.6965739545883, 43.7415835063142))
"171",366,401751.483813806,4843895.10205162,406751.483813806,4838895.10205162,15,5,"boat_100","9340","February","OTB","VL1824","SAN REMO","ARA",20.75,1.55301330492082,26.8057018241345,322.250260771069,7774.32996268099,601,6,list(c(7.7798481625673, 7.84193049239117, 7.84279721883388, 7.78076132553249, 7.7798481625673, 43.7415835063142, 43.7422294676296, 43.6972189075853, 43.6965739545883, 43.7415835063142))
"172",366,401751.483813806,4843895.10205162,406751.483813806,4838895.10205162,15,5,"boat_100","9340","March","OTB","VL1824","SAN REMO","ARA",166,0.699209290610282,21.5689673368457,1160.68742241307,22531.3461920836,601,6,list(c(7.7798481625673, 7.84193049239117, 7.84279721883388, 7.78076132553249, 7.7798481625673, 43.7415835063142, 43.7422294676296, 43.6972189075853, 43.6965739545883, 43.7415835063142))
"173",366,401751.483813806,4843895.10205162,406751.483813806,4838895.10205162,15,5,"boat_100","9696","January","OTB","VL1824","SAN REMO","ARA",34.5833333333333,2.17490315124301,19.5783417508418,752.154006471539,13253.3353691682,601,12,list(c(7.7798481625673, 7.84193049239117, 7.84279721883388, 7.78076132553249, 7.7798481625673, 43.7415835063142, 43.7422294676296, 43.6972189075853, 43.6965739545883, 43.7415835063142))
"174",366,401751.483813806,4843895.10205162,406751.483813806,4838895.10205162,15,5,"boat_100","9697","August","OTB","VL1824","SAN REMO","ARA",93.375,9.14169629605611,23.7726692199181,8536.05891644239,182632.414556085,601,9,list(c(7.7798481625673, 7.84193049239117, 7.84279721883388, 7.78076132553249, 7.7798481625673, 43.7415835063142, 43.7422294676296, 43.6972189075853, 43.6965739545883, 43.7415835063142))
"175",366,401751.483813806,4843895.10205162,406751.483813806,4838895.10205162,15,5,"boat_153","10052","June","OTB","VL1218","SAN REMO","ARA",11.3133333333333,2.19640183464247,24.7151663868788,248.486260892552,5527.24135453152,632,6,list(c(7.7798481625673, 7.84193049239117, 7.84279721883388, 7.78076132553249, 7.7798481625673, 43.7415835063142, 43.7422294676296, 43.6972189075853, 43.6965739545883, 43.7415835063142))
"176",366,401751.483813806,4843895.10205162,406751.483813806,4838895.10205162,15,5,"boat_153","10052","July","OTB","VL1218","SAN REMO","ARA",21.6838888888889,4.67262045884053,24.1624894594861,1013.20582849447,22033.4176361588,632,8,list(c(7.7798481625673, 7.84193049239117, 7.84279721883388, 7.78076132553249, 7.7798481625673, 43.7415835063142, 43.7422294676296, 43.6972189075853, 43.6965739545883, 43.7415835063142))
"177",366,401751.483813806,4843895.10205162,406751.483813806,4838895.10205162,15,5,"boat_153","10052","September","OTB","VL1218","SAN REMO","ARA",8.485,2.26274062091263,25.9323079569126,191.993541684437,4480.95208382923,632,10,list(c(7.7798481625673, 7.84193049239117, 7.84279721883388, 7.78076132553249, 7.7798481625673, 43.7415835063142, 43.7422294676296, 43.6972189075853, 43.6965739545883, 43.7415835063142))
"178",366,401751.483813806,4843895.10205162,406751.483813806,4838895.10205162,15,5,"boat_153","10053","March","OTB","VL1218","SAN REMO","ARA",32.5258333333333,8.03540051680711,21.5689673368457,2613.58097976248,50735.0185062284,632,5,list(c(7.7798481625673, 7.84193049239117, 7.84279721883388, 7.78076132553249, 7.7798481625673, 43.7415835063142, 43.7422294676296, 43.6972189075853, 43.6965739545883, 43.7415835063142))
"179",366,401751.483813806,4843895.10205162,406751.483813806,4838895.10205162,15,5,"boat_153","10053","May","OTB","VL1218","SAN REMO","ARA",78.2505555555556,10.7615493334427,21.4248949610598,8420.9721398041,162376.599208782,632,7,list(c(7.7798481625673, 7.84193049239117, 7.84279721883388, 7.78076132553249, 7.7798481625673, 43.7415835063142, 43.7422294676296, 43.6972189075853, 43.6965739545883, 43.7415835063142))
"180",366,401751.483813806,4843895.10205162,406751.483813806,4838895.10205162,15,5,"boat_153","10053","June","OTB","VL1218","SAN REMO","ARA",43.5563333333333,0.602339045490945,24.7151663868788,262.356802450854,5835.77282277212,632,6,list(c(7.7798481625673, 7.84193049239117, 7.84279721883388, 7.78076132553249, 7.7798481625673, 43.7415835063142, 43.7422294676296, 43.6972189075853, 43.6965739545883, 43.7415835063142))
"181",366,401751.483813806,4843895.10205162,406751.483813806,4838895.10205162,15,5,"boat_153","10053","June","OTB","VL1218","SAN REMO","ARS",43.5563333333333,0.444006985244562,24.0788103493001,193.393162516406,4191.00955477552,632,6,list(c(7.7798481625673, 7.84193049239117, 7.84279721883388, 7.78076132553249, 7.7798481625673, 43.7415835063142, 43.7422294676296, 43.6972189075853, 43.6965739545883, 43.7415835063142))
"182",366,401751.483813806,4843895.10205162,406751.483813806,4838895.10205162,15,5,"boat_153","10053","July","OTB","VL1218","SAN REMO","ARA",106.533888888889,2.80847008734704,24.1624894594861,2991.97240233197,65064.1514709776,632,8,list(c(7.7798481625673, 7.84193049239117, 7.84279721883388, 7.78076132553249, 7.7798481625673, 43.7415835063142, 43.7422294676296, 43.6972189075853, 43.6965739545883, 43.7415835063142))
"183",366,401751.483813806,4843895.10205162,406751.483813806,4838895.10205162,15,5,"boat_153","10053","July","OTB","VL1218","SAN REMO","ARS",106.533888888889,1.95580681093435,21.6473745237597,2083.59705484212,40593.9652224931,632,8,list(c(7.7798481625673, 7.84193049239117, 7.84279721883388, 7.78076132553249, 7.7798481625673, 43.7415835063142, 43.7422294676296, 43.6972189075853, 43.6965739545883, 43.7415835063142))
"184",366,401751.483813806,4843895.10205162,406751.483813806,4838895.10205162,15,5,"boat_153","10408","February","OTB","VL1218","SAN REMO","ARA",26.8691666666667,1.45130518201455,26.8057018241345,389.95360819746,9407.68213192784,638,5,list(c(7.7798481625673, 7.84193049239117, 7.84279721883388, 7.78076132553249, 7.7798481625673, 43.7415835063142, 43.7422294676296, 43.6972189075853, 43.6965739545883, 43.7415835063142))
"185",366,401751.483813806,4843895.10205162,406751.483813806,4838895.10205162,15,5,"boat_153","10408","December","OTB","VL1218","SAN REMO","ARA",29.6975,4.04585351967905,37.731616385186,1201.51734900669,40801.6725235793,638,8,list(c(7.7798481625673, 7.84193049239117, 7.84279721883388, 7.78076132553249, 7.7798481625673, 43.7415835063142, 43.7422294676296, 43.6972189075853, 43.6965739545883, 43.7415835063142))
"186",366,401751.483813806,4843895.10205162,406751.483813806,4838895.10205162,15,5,"boat_153","10409","May","OTB","VL1218","SAN REMO","ARA",41.4822222222222,3.45818902777713,21.4248949610598,1434.53365736701,27661.2596344739,638,7,list(c(7.7798481625673, 7.84193049239117, 7.84279721883388, 7.78076132553249, 7.7798481625673, 43.7415835063142, 43.7422294676296, 43.6972189075853, 43.6965739545883, 43.7415835063142))
"187",366,401751.483813806,4843895.10205162,406751.483813806,4838895.10205162,15,5,"boat_153","10409","June","OTB","VL1218","SAN REMO","ARA",31.1116666666667,15.1224201948897,24.7151663868788,4704.83696296678,104652.745526575,638,6,list(c(7.7798481625673, 7.84193049239117, 7.84279721883388, 7.78076132553249, 7.7798481625673, 43.7415835063142, 43.7422294676296, 43.6972189075853, 43.6965739545883, 43.7415835063142))
"188",366,401751.483813806,4843895.10205162,406751.483813806,4838895.10205162,15,5,"boat_153","8984","January","OTB","VL1218","SAN REMO","ARA",82.0216666666666,2.60365351155842,19.5783417508418,2135.56000440541,37629.6512361104,588,6,list(c(7.7798481625673, 7.84193049239117, 7.84279721883388, 7.78076132553249, 7.7798481625673, 43.7415835063142, 43.7422294676296, 43.6972189075853, 43.6965739545883, 43.7415835063142))
"189",366,401751.483813806,4843895.10205162,406751.483813806,4838895.10205162,15,5,"boat_153","8984","April","OTB","VL1218","SAN REMO","ARA",40.5394444444444,4.56729977735986,22.2435982923178,1851.55795585403,37066.780246466,588,5,list(c(7.7798481625673, 7.84193049239117, 7.84279721883388, 7.78076132553249, 7.7798481625673, 43.7415835063142, 43.7422294676296, 43.6972189075853, 43.6965739545883, 43.7415835063142))
"190",366,401751.483813806,4843895.10205162,406751.483813806,4838895.10205162,15,5,"boat_153","8984","June","OTB","VL1218","SAN REMO","ARA",25.455,3.80474654978013,24.7151663868788,968.498234246532,21542.9355043212,588,6,list(c(7.7798481625673, 7.84193049239117, 7.84279721883388, 7.78076132553249, 7.7798481625673, 43.7415835063142, 43.7422294676296, 43.6972189075853, 43.6965739545883, 43.7415835063142))
"191",366,401751.483813806,4843895.10205162,406751.483813806,4838895.10205162,15,5,"boat_153","8984","September","OTB","VL1218","SAN REMO","ARA",18.3841666666667,4.08806314443365,25.9323079569126,751.556341911257,17540.6314548721,588,10,list(c(7.7798481625673, 7.84193049239117, 7.84279721883388, 7.78076132553249, 7.7798481625673, 43.7415835063142, 43.7422294676296, 43.6972189075853, 43.6965739545883, 43.7415835063142))
"192",366,401751.483813806,4843895.10205162,406751.483813806,4838895.10205162,15,5,"boat_153","8985","January","OTB","VL1218","SAN REMO","ARA",23.5694444444444,2.44511328055021,19.5783417508418,576.299616263015,10154.6917542687,588,6,list(c(7.7798481625673, 7.84193049239117, 7.84279721883388, 7.78076132553249, 7.7798481625673, 43.7415835063142, 43.7422294676296, 43.6972189075853, 43.6965739545883, 43.7415835063142))
"193",366,401751.483813806,4843895.10205162,406751.483813806,4838895.10205162,15,5,"boat_153","8985","January","OTB","VL1218","SAN REMO","ARS",23.5694444444444,0.690316309142083,24.5830209534728,162.703718974183,3599.77403947525,588,6,list(c(7.7798481625673, 7.84193049239117, 7.84279721883388, 7.78076132553249, 7.7798481625673, 43.7415835063142, 43.7422294676296, 43.6972189075853, 43.6965739545883, 43.7415835063142))
"194",366,401751.483813806,4843895.10205162,406751.483813806,4838895.10205162,15,5,"boat_153","8985","February","OTB","VL1218","SAN REMO","ARS",20.7411111111111,1.71502687280675,25.8690834087981,355.715629274262,8281.83355515808,588,5,list(c(7.7798481625673, 7.84193049239117, 7.84279721883388, 7.78076132553249, 7.7798481625673, 43.7415835063142, 43.7422294676296, 43.6972189075853, 43.6965739545883, 43.7415835063142))
"195",366,401751.483813806,4843895.10205162,406751.483813806,4838895.10205162,15,5,"boat_153","8985","March","OTB","VL1218","SAN REMO","ARA",48.0816666666667,4.74818527899854,21.5689673368457,2283.00661856382,44317.885667045,588,5,list(c(7.7798481625673, 7.84193049239117, 7.84279721883388, 7.78076132553249, 7.7798481625673, 43.7415835063142, 43.7422294676296, 43.6972189075853, 43.6965739545883, 43.7415835063142))
"196",366,401751.483813806,4843895.10205162,406751.483813806,4838895.10205162,15,5,"boat_153","8985","August","OTB","VL1218","SAN REMO","ARA",53.7383333333333,5.57750216971824,23.7726692199181,2997.25670763709,64127.5130500533,588,6,list(c(7.7798481625673, 7.84193049239117, 7.84279721883388, 7.78076132553249, 7.7798481625673, 43.7415835063142, 43.7422294676296, 43.6972189075853, 43.6965739545883, 43.7415835063142))
"197",366,401751.483813806,4843895.10205162,406751.483813806,4838895.10205162,15,5,"boat_153","8985","December","OTB","VL1218","SAN REMO","ARA",21.2125,5.44145170992493,37.731616385186,1154.26794396782,39197.1557407602,588,8,list(c(7.7798481625673, 7.84193049239117, 7.84279721883388, 7.78076132553249, 7.7798481625673, 43.7415835063142, 43.7422294676296, 43.6972189075853, 43.6965739545883, 43.7415835063142))
"198",366,401751.483813806,4843895.10205162,406751.483813806,4838895.10205162,15,5,"boat_153","9340","January","OTB","VL1218","SAN REMO","ARA",92.6279166666667,3.93595989825045,19.5783417508418,3645.79765458484,64240.8051922914,601,6,list(c(7.7798481625673, 7.84193049239117, 7.84279721883388, 7.78076132553249, 7.7798481625673, 43.7415835063142, 43.7422294676296, 43.6972189075853, 43.6965739545883, 43.7415835063142))
"199",366,401751.483813806,4843895.10205162,406751.483813806,4838895.10205162,15,5,"boat_153","9340","January","OTB","VL1218","SAN REMO","ARS",92.6279166666667,0.032323973355842,24.5830209534728,29.9410231034049,662.436718487474,601,6,list(c(7.7798481625673, 7.84193049239117, 7.84279721883388, 7.78076132553249, 7.7798481625673, 43.7415835063142, 43.7422294676296, 43.6972189075853, 43.6965739545883, 43.7415835063142))
"200",366,401751.483813806,4843895.10205162,406751.483813806,4838895.10205162,15,5,"boat_153","9340","February","OTB","VL1218","SAN REMO","ARA",67.88,5.68155005227886,26.8057018241345,3856.63617548689,93041.8554278448,601,5,list(c(7.7798481625673, 7.84193049239117, 7.84279721883388, 7.78076132553249, 7.7798481625673, 43.7415835063142, 43.7422294676296, 43.6972189075853, 43.6965739545883, 43.7415835063142))
"201",366,401751.483813806,4843895.10205162,406751.483813806,4838895.10205162,15,5,"boat_153","9340","February","OTB","VL1218","SAN REMO","ARS",67.88,0.999412075017088,25.8690834087981,678.400916521599,15794.6489046921,601,5,list(c(7.7798481625673, 7.84193049239117, 7.84279721883388, 7.78076132553249, 7.7798481625673, 43.7415835063142, 43.7422294676296, 43.6972189075853, 43.6965739545883, 43.7415835063142))
"202",366,401751.483813806,4843895.10205162,406751.483813806,4838895.10205162,15,5,"boat_153","9340","March","OTB","VL1218","SAN REMO","ARA",78.2505555555556,1.44785097811454,21.5689673368457,1132.95143399117,21992.9332265893,601,5,list(c(7.7798481625673, 7.84193049239117, 7.84279721883388, 7.78076132553249, 7.7798481625673, 43.7415835063142, 43.7422294676296, 43.6972189075853, 43.6965739545883, 43.7415835063142))
"203",366,401751.483813806,4843895.10205162,406751.483813806,4838895.10205162,15,5,"boat_153","9340","March","OTB","VL1218","SAN REMO","ARS",78.2505555555556,0.342250016745373,25.1869705386644,267.812539492236,6070.84788786827,601,5,list(c(7.7798481625673, 7.84193049239117, 7.84279721883388, 7.78076132553249, 7.7798481625673, 43.7415835063142, 43.7422294676296, 43.6972189075853, 43.6965739545883, 43.7415835063142))
"204",366,401751.483813806,4843895.10205162,406751.483813806,4838895.10205162,15,5,"boat_153","9340","April","OTB","VL1218","SAN REMO","ARA",48.0816666666667,6.30721305831286,22.2435982923178,3032.61315865446,60710.6059893961,601,5,list(c(7.7798481625673, 7.84193049239117, 7.84279721883388, 7.78076132553249, 7.7798481625673, 43.7415835063142, 43.7422294676296, 43.6972189075853, 43.6965739545883, 43.7415835063142))
"205",366,401751.483813806,4843895.10205162,406751.483813806,4838895.10205162,15,5,"boat_153","9340","April","OTB","VL1218","SAN REMO","ARS",48.0816666666667,0.966845736414915,23.9386194635842,464.875544163898,10015.6308746996,601,5,list(c(7.7798481625673, 7.84193049239117, 7.84279721883388, 7.78076132553249, 7.7798481625673, 43.7415835063142, 43.7422294676296, 43.6972189075853, 43.6965739545883, 43.7415835063142))
"206",366,401751.483813806,4843895.10205162,406751.483813806,4838895.10205162,15,5,"boat_153","9340","May","OTB","VL1218","SAN REMO","ARA",48.0816666666667,1.45438284532785,21.4248949610598,699.291511747718,13484.02246772,601,7,list(c(7.7798481625673, 7.84193049239117, 7.84279721883388, 7.78076132553249, 7.7798481625673, 43.7415835063142, 43.7422294676296, 43.6972189075853, 43.6965739545883, 43.7415835063142))
"207",366,401751.483813806,4843895.10205162,406751.483813806,4838895.10205162,15,5,"boat_153","9340","June","OTB","VL1218","SAN REMO","ARA",34.5056666666667,3.08905701765229,24.7151663868788,1065.89971765437,23709.4999861995,601,6,list(c(7.7798481625673, 7.84193049239117, 7.84279721883388, 7.78076132553249, 7.7798481625673, 43.7415835063142, 43.7422294676296, 43.6972189075853, 43.6965739545883, 43.7415835063142))
"208",366,401751.483813806,4843895.10205162,406751.483813806,4838895.10205162,15,5,"boat_153","9340","December","OTB","VL1218","SAN REMO","ARA",85.5570833333333,1.36123599576995,37.731616385186,1164.63381526423,39549.1647120888,601,8,list(c(7.7798481625673, 7.84193049239117, 7.84279721883388, 7.78076132553249, 7.7798481625673, 43.7415835063142, 43.7422294676296, 43.6972189075853, 43.6965739545883, 43.7415835063142))
"209",366,401751.483813806,4843895.10205162,406751.483813806,4838895.10205162,15,5,"boat_153","9340","December","OTB","VL1218","SAN REMO","ARS",85.5570833333333,0.475263495663509,41.8031859173183,406.621585037741,15298.2699455946,601,8,list(c(7.7798481625673, 7.84193049239117, 7.84279721883388, 7.78076132553249, 7.7798481625673, 43.7415835063142, 43.7422294676296, 43.6972189075853, 43.6965739545883, 43.7415835063142))
"210",366,401751.483813806,4843895.10205162,406751.483813806,4838895.10205162,15,5,"boat_153","9341","May","OTB","VL1218","SAN REMO","ARA",81.0788888888889,3.29526705934644,21.4248949610598,2671.76591763966,51518.0737313722,601,7,list(c(7.7798481625673, 7.84193049239117, 7.84279721883388, 7.78076132553249, 7.7798481625673, 43.7415835063142, 43.7422294676296, 43.6972189075853, 43.6965739545883, 43.7415835063142))
"211",366,401751.483813806,4843895.10205162,406751.483813806,4838895.10205162,15,5,"boat_153","9341","May","OTB","VL1218","SAN REMO","ARS",81.0788888888889,1.17131191513378,25.3359006610148,949.686686213638,21655.0507868974,601,7,list(c(7.7798481625673, 7.84193049239117, 7.84279721883388, 7.78076132553249, 7.7798481625673, 43.7415835063142, 43.7422294676296, 43.6972189075853, 43.6965739545883, 43.7415835063142))
"212",366,401751.483813806,4843895.10205162,406751.483813806,4838895.10205162,15,5,"boat_153","9341","June","OTB","VL1218","SAN REMO","ARA",37.334,4.41288647803348,24.7151663868788,1647.50703770902,36646.5695044791,601,6,list(c(7.7798481625673, 7.84193049239117, 7.84279721883388, 7.78076132553249, 7.7798481625673, 43.7415835063142, 43.7422294676296, 43.6972189075853, 43.6965739545883, 43.7415835063142))
"213",366,401751.483813806,4843895.10205162,406751.483813806,4838895.10205162,15,5,"boat_153","9341","June","OTB","VL1218","SAN REMO","ARS",37.334,1.10974482523266,24.0788103493001,414.312133052361,8978.52894946363,601,6,list(c(7.7798481625673, 7.84193049239117, 7.84279721883388, 7.78076132553249, 7.7798481625673, 43.7415835063142, 43.7422294676296, 43.6972189075853, 43.6965739545883, 43.7415835063142))
"214",366,401751.483813806,4843895.10205162,406751.483813806,4838895.10205162,15,5,"boat_153","9341","July","OTB","VL1218","SAN REMO","ARA",96.1633333333333,3.99233163576328,24.1624894594861,3839.15917867116,83487.2788691382,601,8,list(c(7.7798481625673, 7.84193049239117, 7.84279721883388, 7.78076132553249, 7.7798481625673, 43.7415835063142, 43.7422294676296, 43.6972189075853, 43.6965739545883, 43.7415835063142))
"215",366,401751.483813806,4843895.10205162,406751.483813806,4838895.10205162,15,5,"boat_153","9341","August","OTB","VL1218","SAN REMO","ARA",72.1225,3.11935233247015,23.7726692199181,2249.75488598579,48134.4108573911,601,6,list(c(7.7798481625673, 7.84193049239117, 7.84279721883388, 7.78076132553249, 7.7798481625673, 43.7415835063142, 43.7422294676296, 43.6972189075853, 43.6965739545883, 43.7415835063142))
"216",366,401751.483813806,4843895.10205162,406751.483813806,4838895.10205162,15,5,"boat_153","9696","January","OTB","VL1218","SAN REMO","ARA",78.48625,0.948644909119594,19.5783417508418,744.555814983877,13119.4513784978,601,6,list(c(7.7798481625673, 7.84193049239117, 7.84279721883388, 7.78076132553249, 7.7798481625673, 43.7415835063142, 43.7422294676296, 43.6972189075853, 43.6965739545883, 43.7415835063142))
"217",366,401751.483813806,4843895.10205162,406751.483813806,4838895.10205162,15,5,"boat_153","9696","January","OTB","VL1218","SAN REMO","ARS",78.48625,0.233719657894529,24.5830209534728,183.437794994245,4058.50964220213,601,6,list(c(7.7798481625673, 7.84193049239117, 7.84279721883388, 7.78076132553249, 7.7798481625673, 43.7415835063142, 43.7422294676296, 43.6972189075853, 43.6965739545883, 43.7415835063142))
"218",366,401751.483813806,4843895.10205162,406751.483813806,4838895.10205162,15,5,"boat_153","9696","February","OTB","VL1218","SAN REMO","ARA",48.0816666666667,2.28092507807436,26.8057018241345,1096.70679295612,26458.1957524361,601,5,list(c(7.7798481625673, 7.84193049239117, 7.84279721883388, 7.78076132553249, 7.7798481625673, 43.7415835063142, 43.7422294676296, 43.6972189075853, 43.6965739545883, 43.7415835063142))
"219",366,401751.483813806,4843895.10205162,406751.483813806,4838895.10205162,15,5,"boat_153","9696","April","OTB","VL1218","SAN REMO","ARA",32.0544444444444,2.90421482202152,22.2435982923178,930.929926672209,18636.5081944741,601,5,list(c(7.7798481625673, 7.84193049239117, 7.84279721883388, 7.78076132553249, 7.7798481625673, 43.7415835063142, 43.7422294676296, 43.6972189075853, 43.6965739545883, 43.7415835063142))
"220",366,401751.483813806,4843895.10205162,406751.483813806,4838895.10205162,15,5,"boat_153","9696","August","OTB","VL1218","SAN REMO","ARA",25.455,2.15062603982163,23.7726692199181,547.441858436595,11712.7387959753,601,6,list(c(7.7798481625673, 7.84193049239117, 7.84279721883388, 7.78076132553249, 7.7798481625673, 43.7415835063142, 43.7422294676296, 43.6972189075853, 43.6965739545883, 43.7415835063142))
"221",366,401751.483813806,4843895.10205162,406751.483813806,4838895.10205162,15,5,"boat_153","9696","September","OTB","VL1218","SAN REMO","ARA",18.3841666666667,5.15878283446765,25.9323079569126,948.399234259923,22134.7629080356,601,10,list(c(7.7798481625673, 7.84193049239117, 7.84279721883388, 7.78076132553249, 7.7798481625673, 43.7415835063142, 43.7422294676296, 43.6972189075853, 43.6965739545883, 43.7415835063142))
"222",366,401751.483813806,4843895.10205162,406751.483813806,4838895.10205162,15,5,"boat_153","9696","December","OTB","VL1218","SAN REMO","ARA",89.7995833333333,10.7497233941366,37.731616385186,9653.20681742051,327807.986869595,601,8,list(c(7.7798481625673, 7.84193049239117, 7.84279721883388, 7.78076132553249, 7.7798481625673, 43.7415835063142, 43.7422294676296, 43.6972189075853, 43.6965739545883, 43.7415835063142))
"223",366,401751.483813806,4843895.10205162,406751.483813806,4838895.10205162,15,5,"boat_153","9697","May","OTB","VL1218","SAN REMO","ARA",69.7655555555556,2.13982102466145,21.4248949610598,1492.85802574964,28785.893754115,601,7,list(c(7.7798481625673, 7.84193049239117, 7.84279721883388, 7.78076132553249, 7.7798481625673, 43.7415835063142, 43.7422294676296, 43.6972189075853, 43.6965739545883, 43.7415835063142))
"224",366,401751.483813806,4843895.10205162,406751.483813806,4838895.10205162,15,5,"boat_153","9697","June","OTB","VL1218","SAN REMO","ARA",51.4756666666667,0.641282277900536,24.7151663868788,330.104327764487,7342.72504715527,601,6,list(c(7.7798481625673, 7.84193049239117, 7.84279721883388, 7.78076132553249, 7.7798481625673, 43.7415835063142, 43.7422294676296, 43.6972189075853, 43.6965739545883, 43.7415835063142))
"225",366,401751.483813806,4843895.10205162,406751.483813806,4838895.10205162,15,5,"boat_153","9697","August","OTB","VL1218","SAN REMO","ARA",63.6375,4.95134409124742,23.7726692199181,3150.91159606758,67415.0212030667,601,6,list(c(7.7798481625673, 7.84193049239117, 7.84279721883388, 7.78076132553249, 7.7798481625673, 43.7415835063142, 43.7422294676296, 43.6972189075853, 43.6965739545883, 43.7415835063142))
"226",366,401751.483813806,4843895.10205162,406751.483813806,4838895.10205162,15,5,"boat_153","9697","September","OTB","VL1218","SAN REMO","ARA",18.3841666666667,2.56608559344787,25.9323079569126,471.753452308779,11010.2902245072,601,10,list(c(7.7798481625673, 7.84193049239117, 7.84279721883388, 7.78076132553249, 7.7798481625673, 43.7415835063142, 43.7422294676296, 43.6972189075853, 43.6965739545883, 43.7415835063142))
"227",366,401751.483813806,4843895.10205162,406751.483813806,4838895.10205162,15,5,"boat_153","9697","September","OTB","VL1218","SAN REMO","ARS",18.3841666666667,2.20723525363955,24.945842678512,405.781807754519,9110.31222424177,601,10,list(c(7.7798481625673, 7.84193049239117, 7.84279721883388, 7.78076132553249, 7.7798481625673, 43.7415835063142, 43.7422294676296, 43.6972189075853, 43.6965739545883, 43.7415835063142))
"228",366,401751.483813806,4843895.10205162,406751.483813806,4838895.10205162,15,5,"boat_153","9698","February","OTB","VL1218","SAN REMO","ARA",2.82833333333333,3.38957830225276,26.8057018241345,95.8685729820489,2312.84194349587,815,5,list(c(7.7798481625673, 7.84193049239117, 7.84279721883388, 7.78076132553249, 7.7798481625673, 43.7415835063142, 43.7422294676296, 43.6972189075853, 43.6965739545883, 43.7415835063142))
"229",435,406751.483813806,4848895.10205162,411751.483813806,4843895.10205162,14,6,"boat_100","10762","March","OTB","VL1824","SAN REMO","DPS",3.45833333333333,1.06953207057895,5.83805473815622,36.987984107522,194.344088286389,333,6,list(c(7.8410617534792, 7.90319264564465, 7.9040148346806, 7.84193049239117, 7.8410617534792, 43.7872396580608, 43.7878528623404, 43.7428417147779, 43.7422294676296, 43.7872396580608))
"230",435,406751.483813806,4848895.10205162,411751.483813806,4843895.10205162,14,6,"boat_100","12184","January","OTB","VL1824","SAN REMO","DPS",10.375,3.09389819120352,5.55261824397262,320.991937337365,1604.11111868481,318,12,list(c(7.8410617534792, 7.90319264564465, 7.9040148346806, 7.84193049239117, 7.8410617534792, 43.7872396580608, 43.7878528623404, 43.7428417147779, 43.7422294676296, 43.7872396580608))
"231",435,406751.483813806,4848895.10205162,411751.483813806,4843895.10205162,14,6,"boat_100","12184","June","OTB","VL1824","SAN REMO","DPS",10.375,4.60468871319038,6.23678124438609,477.736453993501,2681.58398042357,318,7,list(c(7.8410617534792, 7.90319264564465, 7.9040148346806, 7.84193049239117, 7.8410617534792, 43.7872396580608, 43.7878528623404, 43.7428417147779, 43.7422294676296, 43.7872396580608))
"232",435,406751.483813806,4848895.10205162,411751.483813806,4843895.10205162,14,6,"boat_100","12184","August","OTB","VL1824","SAN REMO","DPS",8.64583333333333,0.302594616760067,5.93221447134711,26.1618262407141,139.67780779983,318,9,list(c(7.8410617534792, 7.90319264564465, 7.9040148346806, 7.84193049239117, 7.8410617534792, 43.7872396580608, 43.7878528623404, 43.7428417147779, 43.7422294676296, 43.7872396580608))
"233",435,406751.483813806,4848895.10205162,411751.483813806,4843895.10205162,14,6,"boat_153","11117","February","OTB","VL1218","SAN REMO","DPS",2.82833333333333,1.10854038990335,5.71644260087317,31.3532173610996,161.305980657684,333,5,list(c(7.8410617534792, 7.90319264564465, 7.9040148346806, 7.84193049239117, 7.8410617534792, 43.7872396580608, 43.7878528623404, 43.7428417147779, 43.7422294676296, 43.7872396580608))
"234",436,406751.483813806,4843895.10205162,411751.483813806,4838895.10205162,15,6,"boat_153","11477","May","OTB","VL1218","SAN REMO","ARA",35.8255555555556,7.30723277401595,21.4248949610598,2617.85673702885,50478.5750525512,638,7,list(c(7.84193049239117, 7.9040148346806, 7.90483511902959, 7.84279721883388, 7.84193049239117, 43.7422294676296, 43.7428417147779, 43.6978301990217, 43.6972189075853, 43.7422294676296))
"235",436,406751.483813806,4843895.10205162,411751.483813806,4838895.10205162,15,6,"boat_153","11833","July","OTB","VL1218","SAN REMO","ARA",32.0544444444444,18.1875247159819,24.1624894594861,5829.91000590403,126778.625160668,887,8,list(c(7.84193049239117, 7.9040148346806, 7.90483511902959, 7.84279721883388, 7.84193049239117, 43.7422294676296, 43.7428417147779, 43.6978301990217, 43.6972189075853, 43.7422294676296))
"236",505,411751.483813806,4848895.10205162,416751.483813806,4843895.10205162,14,7,"boat_100","12541","January","OTB","VL1824","SAN REMO","ARA",119.3125,0.78053442287832,19.5783417508418,931.275133296696,16409.5405413691,755,12,list(c(7.90319264564465, 7.96532544778762, 7.96610108165351, 7.9040148346806, 7.90319264564465, 43.7878528623404, 43.7884322968633, 43.7434202448619, 43.7428417147779, 43.7878528623404))
"237",505,411751.483813806,4848895.10205162,416751.483813806,4843895.10205162,14,7,"boat_100","12541","February","OTB","VL1824","SAN REMO","ARA",23.0555555555556,0.105192921959913,26.8057018241345,24.2528125629799,585.102295763877,755,6,list(c(7.90319264564465, 7.96532544778762, 7.96610108165351, 7.9040148346806, 7.90319264564465, 43.7878528623404, 43.7884322968633, 43.7434202448619, 43.7428417147779, 43.7878528623404))
"238",505,411751.483813806,4848895.10205162,416751.483813806,4843895.10205162,14,7,"boat_100","12541","July","OTB","VL1824","SAN REMO","ARA",27.6666666666667,2.44239887690349,24.1624894594861,675.730355943298,14694.5948426413,755,8,list(c(7.90319264564465, 7.96532544778762, 7.96610108165351, 7.9040148346806, 7.90319264564465, 43.7878528623404, 43.7884322968633, 43.7434202448619, 43.7428417147779, 43.7878528623404))
"239",505,411751.483813806,4848895.10205162,416751.483813806,4843895.10205162,14,7,"boat_100","12896","January","OTB","VL1824","SAN REMO","DPS",20.75,4.36432229643903,5.55261824397262,905.596876511098,4525.59036438013,208,12,list(c(7.90319264564465, 7.96532544778762, 7.96610108165351, 7.9040148346806, 7.90319264564465, 43.7878528623404, 43.7884322968633, 43.7434202448619, 43.7428417147779, 43.7878528623404))
"240",505,411751.483813806,4848895.10205162,416751.483813806,4843895.10205162,14,7,"boat_100","12896","September","OTB","VL1824","SAN REMO","DPS",3.45833333333333,1.19635125006105,5.00136248471149,41.3738140646114,186.232897360958,208,8,list(c(7.90319264564465, 7.96532544778762, 7.96610108165351, 7.9040148346806, 7.90319264564465, 43.7878528623404, 43.7884322968633, 43.7434202448619, 43.7428417147779, 43.7878528623404))
"241",505,411751.483813806,4848895.10205162,416751.483813806,4843895.10205162,14,7,"boat_100","12897","February","OTB","VL1824","SAN REMO","ARA",25.3611111111111,0.699093325160865,26.8057018241345,177.297834964408,4277.33360830848,494,6,list(c(7.90319264564465, 7.96532544778762, 7.96610108165351, 7.9040148346806, 7.90319264564465, 43.7878528623404, 43.7884322968633, 43.7434202448619, 43.7428417147779, 43.7878528623404))
"242",505,411751.483813806,4848895.10205162,416751.483813806,4843895.10205162,14,7,"boat_100","12897","June","OTB","VL1824","SAN REMO","ARA",26.975,1.60040462617714,24.7151663868788,431.709147911283,9602.78707922853,494,7,list(c(7.90319264564465, 7.96532544778762, 7.96610108165351, 7.9040148346806, 7.90319264564465, 43.7878528623404, 43.7884322968633, 43.7434202448619, 43.7428417147779, 43.7878528623404))
"243",505,411751.483813806,4848895.10205162,416751.483813806,4843895.10205162,14,7,"boat_100","12897","December","OTB","VL1824","SAN REMO","ARA",34.5833333333333,1.39635469639353,37.731616385186,482.90599916943,16398.7415196893,494,7,list(c(7.90319264564465, 7.96532544778762, 7.96610108165351, 7.9040148346806, 7.90319264564465, 43.7878528623404, 43.7884322968633, 43.7434202448619, 43.7428417147779, 43.7878528623404))
"244",505,411751.483813806,4848895.10205162,416751.483813806,4843895.10205162,14,7,"boat_100","12897","December","OTB","VL1824","SAN REMO","ARS",34.5833333333333,0.035475794727746,41.8031859173183,12.2687123433456,461.584136749477,494,7,list(c(7.90319264564465, 7.96532544778762, 7.96610108165351, 7.9040148346806, 7.90319264564465, 43.7878528623404, 43.7884322968633, 43.7434202448619, 43.7428417147779, 43.7878528623404))
"245",505,411751.483813806,4848895.10205162,416751.483813806,4843895.10205162,14,7,"boat_100","13252","May","OTB","VL1824","SAN REMO","DPS",9.51041666666667,1.18114844160524,6.16866067749044,112.332138248499,623.64495962874,299,10,list(c(7.90319264564465, 7.96532544778762, 7.96610108165351, 7.9040148346806, 7.90319264564465, 43.7878528623404, 43.7884322968633, 43.7434202448619, 43.7428417147779, 43.7878528623404))
"246",505,411751.483813806,4848895.10205162,416751.483813806,4843895.10205162,14,7,"boat_100","13252","June","OTB","VL1824","SAN REMO","DPS",9.51041666666667,2.98955599286107,6.23678124438609,284.319231404391,1595.91316485706,299,7,list(c(7.90319264564465, 7.96532544778762, 7.96610108165351, 7.9040148346806, 7.90319264564465, 43.7878528623404, 43.7884322968633, 43.7434202448619, 43.7428417147779, 43.7878528623404))
"247",505,411751.483813806,4848895.10205162,416751.483813806,4843895.10205162,14,7,"boat_100","13252","August","OTB","VL1824","SAN REMO","DPS",14.9861111111111,0.350156100043868,5.93221447134711,52.4747822149074,280.162496192456,299,9,list(c(7.90319264564465, 7.96532544778762, 7.96610108165351, 7.9040148346806, 7.90319264564465, 43.7878528623404, 43.7884322968633, 43.7434202448619, 43.7428417147779, 43.7878528623404))
"248",505,411751.483813806,4848895.10205162,416751.483813806,4843895.10205162,14,7,"boat_100","13253","March","OTB","VL1824","SAN REMO","ARA",55.3333333333333,0.730204478746303,21.5689673368457,404.046478239621,7843.37876254613,579,6,list(c(7.90319264564465, 7.96532544778762, 7.96610108165351, 7.9040148346806, 7.90319264564465, 43.7878528623404, 43.7884322968633, 43.7434202448619, 43.7428417147779, 43.7878528623404))
"249",505,411751.483813806,4848895.10205162,416751.483813806,4843895.10205162,14,7,"boat_100","13253","April","OTB","VL1824","SAN REMO","ARA",50.1458333333333,1.29717018677046,22.2435982923178,650.476799907602,13022.0501720554,579,8,list(c(7.90319264564465, 7.96532544778762, 7.96610108165351, 7.9040148346806, 7.90319264564465, 43.7878528623404, 43.7884322968633, 43.7434202448619, 43.7428417147779, 43.7878528623404))
"250",505,411751.483813806,4848895.10205162,416751.483813806,4843895.10205162,14,7,"boat_100","13253","May","OTB","VL1824","SAN REMO","ARA",23.0555555555556,0.807208071371741,21.4248949610598,186.10630534404,3588.57723922828,579,10,list(c(7.90319264564465, 7.96532544778762, 7.96610108165351, 7.9040148346806, 7.90319264564465, 43.7878528623404, 43.7884322968633, 43.7434202448619, 43.7428417147779, 43.7878528623404))
"251",505,411751.483813806,4848895.10205162,416751.483813806,4843895.10205162,14,7,"boat_100","13253","June","OTB","VL1824","SAN REMO","ARA",36.3125,1.14358005116404,24.7151663868788,415.262506078941,9236.95373877598,579,7,list(c(7.90319264564465, 7.96532544778762, 7.96610108165351, 7.9040148346806, 7.90319264564465, 43.7878528623404, 43.7884322968633, 43.7434202448619, 43.7428417147779, 43.7878528623404))
"252",505,411751.483813806,4848895.10205162,416751.483813806,4843895.10205162,14,7,"boat_100","13253","August","OTB","VL1824","SAN REMO","ARA",45.65,0.66468016558656,23.7726692199181,303.426495590264,6491.93194100365,579,9,list(c(7.90319264564465, 7.96532544778762, 7.96610108165351, 7.9040148346806, 7.90319264564465, 43.7878528623404, 43.7884322968633, 43.7434202448619, 43.7428417147779, 43.7878528623404))
"253",505,411751.483813806,4848895.10205162,416751.483813806,4843895.10205162,14,7,"boat_100","13253","August","OTB","VL1824","SAN REMO","ARS",45.65,1.2001778600652,24.8386854663541,547.881193119763,12247.7837659493,579,9,list(c(7.90319264564465, 7.96532544778762, 7.96610108165351, 7.9040148346806, 7.90319264564465, 43.7878528623404, 43.7884322968633, 43.7434202448619, 43.7428417147779, 43.7878528623404))
"254",505,411751.483813806,4848895.10205162,416751.483813806,4843895.10205162,14,7,"boat_100","13253","September","OTB","VL1824","SAN REMO","ARA",28.8194444444444,2.74727714938989,25.9323079569126,791.750011803337,18478.714617876,579,8,list(c(7.90319264564465, 7.96532544778762, 7.96610108165351, 7.9040148346806, 7.90319264564465, 43.7878528623404, 43.7884322968633, 43.7434202448619, 43.7428417147779, 43.7878528623404))
"255",505,411751.483813806,4848895.10205162,416751.483813806,4843895.10205162,14,7,"boat_100","13253","September","OTB","VL1824","SAN REMO","ARS",28.8194444444444,0.080911140462891,24.945842678512,23.3181411750692,523.521613177748,579,8,list(c(7.90319264564465, 7.96532544778762, 7.96610108165351, 7.9040148346806, 7.90319264564465, 43.7878528623404, 43.7884322968633, 43.7434202448619, 43.7428417147779, 43.7878528623404))
"256",505,411751.483813806,4848895.10205162,416751.483813806,4843895.10205162,14,7,"boat_100","13253","November","OTB","VL1824","SAN REMO","ARA",12.1041666666667,1.94854487057217,37.1513233542056,235.85511870884,7886.09680190697,579,6,list(c(7.90319264564465, 7.96532544778762, 7.96610108165351, 7.9040148346806, 7.90319264564465, 43.7878528623404, 43.7884322968633, 43.7434202448619, 43.7428417147779, 43.7878528623404))
"257",505,411751.483813806,4848895.10205162,416751.483813806,4843895.10205162,14,7,"boat_100","13609","June","OTB","VL1824","SAN REMO","ARA",30.2604166666667,0.439592151723871,24.7151663868788,133.022416745609,2958.90404674721,585,7,list(c(7.90319264564465, 7.96532544778762, 7.96610108165351, 7.9040148346806, 7.90319264564465, 43.7878528623404, 43.7884322968633, 43.7434202448619, 43.7428417147779, 43.7878528623404))
"258",505,411751.483813806,4848895.10205162,416751.483813806,4843895.10205162,14,7,"boat_100","13609","August","OTB","VL1824","SAN REMO","ARA",40.1166666666667,1.81838943214646,23.7726692199181,729.477227196087,15607.458743036,585,9,list(c(7.90319264564465, 7.96532544778762, 7.96610108165351, 7.9040148346806, 7.90319264564465, 43.7878528623404, 43.7884322968633, 43.7434202448619, 43.7428417147779, 43.7878528623404))
"259",505,411751.483813806,4848895.10205162,416751.483813806,4843895.10205162,14,7,"boat_100","13610","June","OTB","VL1824","SAN REMO","ARA",26.975,0.336657111538002,24.7151663868788,90.813255837376,2020.01825533945,585,7,list(c(7.90319264564465, 7.96532544778762, 7.96610108165351, 7.9040148346806, 7.90319264564465, 43.7878528623404, 43.7884322968633, 43.7434202448619, 43.7428417147779, 43.7878528623404))
"260",505,411751.483813806,4848895.10205162,416751.483813806,4843895.10205162,14,7,"boat_100","13610","June","OTB","VL1824","SAN REMO","ARS",26.975,0.276742427781083,24.0788103493001,74.6512698939472,1617.7623930997,585,7,list(c(7.90319264564465, 7.96532544778762, 7.96610108165351, 7.9040148346806, 7.90319264564465, 43.7878528623404, 43.7884322968633, 43.7434202448619, 43.7428417147779, 43.7878528623404))
"261",505,411751.483813806,4848895.10205162,416751.483813806,4843895.10205162,14,7,"boat_100","13964","March","OTB","VL1824","SAN REMO","DPS",25.9375,3.75406771570881,5.83805473815622,973.711313761972,5116.12195401396,349,6,list(c(7.90319264564465, 7.96532544778762, 7.96610108165351, 7.9040148346806, 7.90319264564465, 43.7878528623404, 43.7884322968633, 43.7434202448619, 43.7428417147779, 43.7878528623404))
"262",505,411751.483813806,4848895.10205162,416751.483813806,4843895.10205162,14,7,"boat_100","13964","August","OTB","VL1824","SAN REMO","DPS",11.2395833333333,0.576205525696067,5.93221447134711,64.7631002318809,345.76974036438,349,9,list(c(7.90319264564465, 7.96532544778762, 7.96610108165351, 7.9040148346806, 7.90319264564465, 43.7878528623404, 43.7884322968633, 43.7434202448619, 43.7428417147779, 43.7878528623404))
"263",505,411751.483813806,4848895.10205162,416751.483813806,4843895.10205162,14,7,"boat_100","13966","March","OTB","VL1824","SAN REMO","ARA",16.4270833333333,0.307309169098289,21.5689673368457,50.4819332987502,979.95885337941,585,6,list(c(7.90319264564465, 7.96532544778762, 7.96610108165351, 7.9040148346806, 7.90319264564465, 43.7878528623404, 43.7884322968633, 43.7434202448619, 43.7428417147779, 43.7878528623404))
"264",505,411751.483813806,4848895.10205162,416751.483813806,4843895.10205162,14,7,"boat_153","13253","August","OTB","VL1218","SAN REMO","ARA",7.77791666666667,2.8536129347048,23.7726692199181,221.951636050561,4748.74454398465,579,6,list(c(7.90319264564465, 7.96532544778762, 7.96610108165351, 7.9040148346806, 7.90319264564465, 43.7878528623404, 43.7884322968633, 43.7434202448619, 43.7428417147779, 43.7878528623404))
"265",505,411751.483813806,4848895.10205162,416751.483813806,4843895.10205162,14,7,"boat_153","13253","August","OTB","VL1218","SAN REMO","ARS",7.77791666666667,2.31714392390779,24.8386854663541,180.225523448278,4028.90858094673,579,6,list(c(7.90319264564465, 7.96532544778762, 7.96610108165351, 7.9040148346806, 7.90319264564465, 43.7878528623404, 43.7884322968633, 43.7434202448619, 43.7428417147779, 43.7878528623404))
"266",505,411751.483813806,4848895.10205162,416751.483813806,4843895.10205162,14,7,"boat_153","13609","January","OTB","VL1218","SAN REMO","ARA",19.7983333333333,1.8018774398116,19.5783417508418,356.741701792033,6285.96985901517,585,6,list(c(7.90319264564465, 7.96532544778762, 7.96610108165351, 7.9040148346806, 7.90319264564465, 43.7878528623404, 43.7884322968633, 43.7434202448619, 43.7428417147779, 43.7878528623404))
"267",505,411751.483813806,4848895.10205162,416751.483813806,4843895.10205162,14,7,"boat_153","13609","August","OTB","VL1218","SAN REMO","ARA",9.89916666666667,2.64503919665531,23.7726692199181,261.83683847557,5602.10449560196,585,6,list(c(7.90319264564465, 7.96532544778762, 7.96610108165351, 7.9040148346806, 7.90319264564465, 43.7878528623404, 43.7884322968633, 43.7434202448619, 43.7428417147779, 43.7878528623404))
"268",505,411751.483813806,4848895.10205162,416751.483813806,4843895.10205162,14,7,"boat_153","13965","August","OTB","VL1218","SAN REMO","ARA",5.65666666666667,0.584686998451345,23.7726692199181,33.0737945457311,707.627139824875,585,6,list(c(7.90319264564465, 7.96532544778762, 7.96610108165351, 7.9040148346806, 7.90319264564465, 43.7878528623404, 43.7884322968633, 43.7434202448619, 43.7428417147779, 43.7878528623404))
"269",574,416751.483813806,4853895.10205162,421751.483813806,4848895.10205162,13,8,"boat_100","14318","July","OTB","VL1824","SAN REMO","DPS",15.5625,0.421607134938865,6.02637363853696,65.6126103748608,355.865494966792,285,8,list(c(7.96454801204332, 8.02672928434855, 8.0274600518057, 7.96532544778762, 7.96454801204332, 43.8334439819582, 43.8339904969856, 43.7889779588842, 43.7884322968633, 43.8334439819582))
"270",574,416751.483813806,4853895.10205162,421751.483813806,4848895.10205162,13,8,"boat_100","14673","July","OTB","VL1824","SAN REMO","DPS",17.2916666666667,0.312058355176429,6.02637363853696,53.9600905825909,292.665300677993,389,8,list(c(7.96454801204332, 8.02672928434855, 8.0274600518057, 7.96532544778762, 7.96454801204332, 43.8334439819582, 43.8339904969856, 43.7889779588842, 43.7884322968633, 43.8334439819582))
"271",574,416751.483813806,4853895.10205162,421751.483813806,4848895.10205162,13,8,"boat_100","14673","August","OTB","VL1824","SAN REMO","DPS",16.4270833333333,0.303213161653398,5.93221447134711,49.8090787424385,265.930323948325,389,9,list(c(7.96454801204332, 8.02672928434855, 8.0274600518057, 7.96532544778762, 7.96454801204332, 43.8334439819582, 43.8339904969856, 43.7889779588842, 43.7884322968633, 43.8334439819582))
"272",574,416751.483813806,4853895.10205162,421751.483813806,4848895.10205162,13,8,"boat_100","14673","December","OTB","VL1824","SAN REMO","DPS",24.2083333333333,5.19643909803959,6.58751642757973,1257.97129831708,7458.21593377883,389,7,list(c(7.96454801204332, 8.02672928434855, 8.0274600518057, 7.96532544778762, 7.96454801204332, 43.8334439819582, 43.8339904969856, 43.7889779588842, 43.7884322968633, 43.8334439819582))
"273",574,416751.483813806,4853895.10205162,421751.483813806,4848895.10205162,13,8,"boat_100","14674","July","OTB","VL1824","SAN REMO","DPS",33.4305555555556,0.050787670636402,6.02637363853696,16.9786004474749,92.0874511403228,389,8,list(c(7.96454801204332, 8.02672928434855, 8.0274600518057, 7.96532544778762, 7.96454801204332, 43.8334439819582, 43.8339904969856, 43.7889779588842, 43.7884322968633, 43.8334439819582))
"274",574,416751.483813806,4853895.10205162,421751.483813806,4848895.10205162,13,8,"boat_100","14674","August","OTB","VL1824","SAN REMO","DPS",27.6666666666667,2.82587683713993,5.93221447134711,781.825924942048,4174.163159414,389,9,list(c(7.96454801204332, 8.02672928434855, 8.0274600518057, 7.96532544778762, 7.96454801204332, 43.8334439819582, 43.8339904969856, 43.7889779588842, 43.7884322968633, 43.8334439819582))
"275",574,416751.483813806,4853895.10205162,421751.483813806,4848895.10205162,13,8,"boat_100","14674","September","OTB","VL1824","SAN REMO","DPS",7.78125,0.342249907798249,5.00136248471149,26.6313209505512,119.873600568358,389,8,list(c(7.96454801204332, 8.02672928434855, 8.0274600518057, 7.96532544778762, 7.96454801204332, 43.8334439819582, 43.8339904969856, 43.7889779588842, 43.7884322968633, 43.8334439819582))
"276",574,416751.483813806,4853895.10205162,421751.483813806,4848895.10205162,13,8,"boat_100","14674","November","OTB","VL1824","SAN REMO","DPS",17.2916666666667,0.853437211882407,7.49407263907235,147.573517887999,995.3339963905,389,6,list(c(7.96454801204332, 8.02672928434855, 8.0274600518057, 7.96532544778762, 7.96454801204332, 43.8334439819582, 43.8339904969856, 43.7889779588842, 43.7884322968633, 43.8334439819582))
"277",574,416751.483813806,4853895.10205162,421751.483813806,4848895.10205162,13,8,"boat_100","15028","July","OTB","VL1824","SAN REMO","DPS",5.1875,1.99088455821851,6.02637363853696,103.277136457585,560.147951350418,332,8,list(c(7.96454801204332, 8.02672928434855, 8.0274600518057, 7.96532544778762, 7.96454801204332, 43.8334439819582, 43.8339904969856, 43.7889779588842, 43.7884322968633, 43.8334439819582))
"278",574,416751.483813806,4853895.10205162,421751.483813806,4848895.10205162,13,8,"boat_100","15030","February","OTB","VL1824","SAN REMO","ARA",17.2916666666667,2.42177056248324,26.8057018241345,418.764493096061,10102.748522821,534,6,list(c(7.96454801204332, 8.02672928434855, 8.0274600518057, 7.96532544778762, 7.96454801204332, 43.8334439819582, 43.8339904969856, 43.7889779588842, 43.7884322968633, 43.8334439819582))
"279",574,416751.483813806,4853895.10205162,421751.483813806,4848895.10205162,13,8,"boat_100","15030","July","OTB","VL1824","SAN REMO","ARA",63.4027777777778,2.39476915124351,24.1624894594861,1518.3501632537,33018.4078338838,534,8,list(c(7.96454801204332, 8.02672928434855, 8.0274600518057, 7.96532544778762, 7.96454801204332, 43.8334439819582, 43.8339904969856, 43.7889779588842, 43.7884322968633, 43.8334439819582))
"280",574,416751.483813806,4853895.10205162,421751.483813806,4848895.10205162,13,8,"boat_100","15030","August","OTB","VL1824","SAN REMO","ARA",35.275,1.34517092951191,23.7726692199181,474.509045385326,10152.311920024,534,9,list(c(7.96454801204332, 8.02672928434855, 8.0274600518057, 7.96532544778762, 7.96454801204332, 43.8334439819582, 43.8339904969856, 43.7889779588842, 43.7884322968633, 43.8334439819582))
"281",574,416751.483813806,4853895.10205162,421751.483813806,4848895.10205162,13,8,"boat_100","15030","September","OTB","VL1824","SAN REMO","ARA",21.9027777777778,2.24532108430112,25.9323079569126,491.787687492064,11477.8707853159,534,8,list(c(7.96454801204332, 8.02672928434855, 8.0274600518057, 7.96532544778762, 7.96454801204332, 43.8334439819582, 43.8339904969856, 43.7889779588842, 43.7884322968633, 43.8334439819582))
"282",574,416751.483813806,4853895.10205162,421751.483813806,4848895.10205162,13,8,"boat_100","15030","October","OTB","VL1824","SAN REMO","ARA",6.91666666666667,1.21722007019822,32.1713301919562,84.191054855377,2437.68440246528,534,2,list(c(7.96454801204332, 8.02672928434855, 8.0274600518057, 7.96532544778762, 7.96454801204332, 43.8334439819582, 43.8339904969856, 43.7889779588842, 43.7884322968633, 43.8334439819582))
"283",574,416751.483813806,4853895.10205162,421751.483813806,4848895.10205162,13,8,"boat_100","15030","November","OTB","VL1824","SAN REMO","ARA",14.9861111111111,0.583413198782202,37.1513233542056,87.4309502063883,2923.35795205468,534,6,list(c(7.96454801204332, 8.02672928434855, 8.0274600518057, 7.96532544778762, 7.96454801204332, 43.8334439819582, 43.8339904969856, 43.7889779588842, 43.7884322968633, 43.8334439819582))
"284",574,416751.483813806,4853895.10205162,421751.483813806,4848895.10205162,13,8,"boat_100","15740","February","OTB","VL1824","SAN REMO","DPS",17.2916666666667,0.339977244446267,5.71644260087317,58.787731852167,302.451025291592,265,6,list(c(7.96454801204332, 8.02672928434855, 8.0274600518057, 7.96532544778762, 7.96454801204332, 43.8334439819582, 43.8339904969856, 43.7889779588842, 43.7884322968633, 43.8334439819582))
"285",574,416751.483813806,4853895.10205162,421751.483813806,4848895.10205162,13,8,"boat_100","15740","August","OTB","VL1824","SAN REMO","DPS",6.91666666666667,1.56077365826411,5.93221447134711,107.953511363268,576.36304410772,265,9,list(c(7.96454801204332, 8.02672928434855, 8.0274600518057, 7.96532544778762, 7.96454801204332, 43.8334439819582, 43.8339904969856, 43.7889779588842, 43.7884322968633, 43.8334439819582))
"286",574,416751.483813806,4853895.10205162,421751.483813806,4848895.10205162,13,8,"boat_100","15741","August","OTB","VL1824","SAN REMO","ARA",38.0416666666667,0.733125867825372,23.7726692199181,278.893298885235,5967.03432784539,577,9,list(c(7.96454801204332, 8.02672928434855, 8.0274600518057, 7.96532544778762, 7.96454801204332, 43.8334439819582, 43.8339904969856, 43.7889779588842, 43.7884322968633, 43.8334439819582))
"287",574,416751.483813806,4853895.10205162,421751.483813806,4848895.10205162,13,8,"boat_100","15741","August","OTB","VL1824","SAN REMO","ARS",38.0416666666667,1.32376664862359,24.8386854663541,503.582895913892,11257.5034420568,577,9,list(c(7.96454801204332, 8.02672928434855, 8.0274600518057, 7.96532544778762, 7.96454801204332, 43.8334439819582, 43.8339904969856, 43.7889779588842, 43.7884322968633, 43.8334439819582))
"288",574,416751.483813806,4853895.10205162,421751.483813806,4848895.10205162,13,8,"boat_100","15742","March","OTB","VL1824","SAN REMO","ARA",24.2083333333333,4.24103280583235,21.5689673368457,1026.68335841192,19930.0498405827,577,6,list(c(7.96454801204332, 8.02672928434855, 8.0274600518057, 7.96532544778762, 7.96454801204332, 43.8334439819582, 43.8339904969856, 43.7889779588842, 43.7884322968633, 43.8334439819582))
"289",574,416751.483813806,4853895.10205162,421751.483813806,4848895.10205162,13,8,"boat_100","15742","July","OTB","VL1824","SAN REMO","ARA",43.8055555555556,1.52477816291725,24.1624894594861,667.937545255696,14525.1305071522,577,8,list(c(7.96454801204332, 8.02672928434855, 8.0274600518057, 7.96532544778762, 7.96454801204332, 43.8334439819582, 43.8339904969856, 43.7889779588842, 43.7884322968633, 43.8334439819582))
"290",574,416751.483813806,4853895.10205162,421751.483813806,4848895.10205162,13,8,"boat_100","15742","August","OTB","VL1824","SAN REMO","ARA",35.9666666666667,0.543409395922242,23.7726692199181,195.4462460667,4181.65106221652,577,9,list(c(7.96454801204332, 8.02672928434855, 8.0274600518057, 7.96532544778762, 7.96454801204332, 43.8334439819582, 43.8339904969856, 43.7889779588842, 43.7884322968633, 43.8334439819582))
"291",574,416751.483813806,4853895.10205162,421751.483813806,4848895.10205162,13,8,"boat_100","15742","November","OTB","VL1824","SAN REMO","ARA",25.9375,1.59555505010075,37.1513233542056,413.847091119881,13837.4703912529,577,6,list(c(7.96454801204332, 8.02672928434855, 8.0274600518057, 7.96532544778762, 7.96454801204332, 43.8334439819582, 43.8339904969856, 43.7889779588842, 43.7884322968633, 43.8334439819582))
"292",574,416751.483813806,4853895.10205162,421751.483813806,4848895.10205162,13,8,"boat_153","14673","August","OTB","VL1218","SAN REMO","DPS",18.8555555555556,4.42500595724435,5.93221447134711,834.359456604851,4454.63931849895,389,6,list(c(7.96454801204332, 8.02672928434855, 8.0274600518057, 7.96532544778762, 7.96454801204332, 43.8334439819582, 43.8339904969856, 43.7889779588842, 43.7884322968633, 43.8334439819582))
"293",574,416751.483813806,4853895.10205162,421751.483813806,4848895.10205162,13,8,"boat_153","14674","July","OTB","VL1218","SAN REMO","DPS",41.4822222222222,3.14093981136915,6.02637363853696,1302.9316324184,7066.75755817995,389,8,list(c(7.96454801204332, 8.02672928434855, 8.0274600518057, 7.96532544778762, 7.96454801204332, 43.8334439819582, 43.8339904969856, 43.7889779588842, 43.7884322968633, 43.8334439819582))
"294",574,416751.483813806,4853895.10205162,421751.483813806,4848895.10205162,13,8,"boat_153","14674","August","OTB","VL1218","SAN REMO","ARA",27.57625,1.22073321039083,23.7726692199181,336.632441930402,7202.38652163425,389,6,list(c(7.96454801204332, 8.02672928434855, 8.0274600518057, 7.96532544778762, 7.96454801204332, 43.8334439819582, 43.8339904969856, 43.7889779588842, 43.7884322968633, 43.8334439819582))
"295",574,416751.483813806,4853895.10205162,421751.483813806,4848895.10205162,13,8,"boat_153","14674","August","OTB","VL1218","SAN REMO","DPS",27.57625,1.20414916195915,5.93221447134711,332.05918327476,1772.86166312961,389,6,list(c(7.96454801204332, 8.02672928434855, 8.0274600518057, 7.96532544778762, 7.96454801204332, 43.8334439819582, 43.8339904969856, 43.7889779588842, 43.7884322968633, 43.8334439819582))
"296",574,416751.483813806,4853895.10205162,421751.483813806,4848895.10205162,13,8,"boat_153","15030","July","OTB","VL1218","SAN REMO","ARA",58.4522222222222,2.85283835691071,24.1624894594861,1667.54741602224,36262.8871765476,534,8,list(c(7.96454801204332, 8.02672928434855, 8.0274600518057, 7.96532544778762, 7.96454801204332, 43.8334439819582, 43.8339904969856, 43.7889779588842, 43.7884322968633, 43.8334439819582))
"297",574,416751.483813806,4853895.10205162,421751.483813806,4848895.10205162,13,8,"boat_153","15030","August","OTB","VL1218","SAN REMO","ARA",38.8895833333333,1.55932592604264,23.7726692199181,606.415355446625,12974.5004894205,534,6,list(c(7.96454801204332, 8.02672928434855, 8.0274600518057, 7.96532544778762, 7.96454801204332, 43.8334439819582, 43.8339904969856, 43.7889779588842, 43.7884322968633, 43.8334439819582))
"298",574,416751.483813806,4853895.10205162,421751.483813806,4848895.10205162,13,8,"boat_153","15385","August","OTB","VL1218","SAN REMO","ARA",46.1961111111111,3.41388179655892,23.7726692199181,1577.08062794035,33742.27449105,534,6,list(c(7.96454801204332, 8.02672928434855, 8.0274600518057, 7.96532544778762, 7.96454801204332, 43.8334439819582, 43.8339904969856, 43.7889779588842, 43.7884322968633, 43.8334439819582))
"299",574,416751.483813806,4853895.10205162,421751.483813806,4848895.10205162,13,8,"boat_153","15385","August","OTB","VL1218","SAN REMO","ARS",46.1961111111111,2.21766739718097,24.8386854663541,1024.4760948766,22901.9755395949,534,6,list(c(7.96454801204332, 8.02672928434855, 8.0274600518057, 7.96532544778762, 7.96454801204332, 43.8334439819582, 43.8339904969856, 43.7889779588842, 43.7884322968633, 43.8334439819582))
"300",575,416751.483813806,4848895.10205162,421751.483813806,4843895.10205162,14,8,"boat_100","14320","February","OTB","VL1824","SAN REMO","DPS",8.64583333333333,0.214371753592521,5.71644260087317,18.5342245293534,95.3548476063698,393,6,list(c(7.96532544778762, 8.0274600518057, 8.02818912550688, 7.96610108165351, 7.96532544778762, 43.7884322968633, 43.7889779588842, 43.7439650551434, 43.7434202448619, 43.7884322968633))
"301",575,416751.483813806,4848895.10205162,421751.483813806,4843895.10205162,14,8,"boat_100","14320","March","OTB","VL1824","SAN REMO","DPS",13.8333333333333,1.0098001564014,5.83805473815622,139.689021635527,733.960939164924,393,6,list(c(7.96532544778762, 8.0274600518057, 8.02818912550688, 7.96610108165351, 7.96532544778762, 43.7884322968633, 43.7889779588842, 43.7439650551434, 43.7434202448619, 43.7884322968633))
"302",575,416751.483813806,4848895.10205162,421751.483813806,4843895.10205162,14,8,"boat_100","14320","April","OTB","VL1824","SAN REMO","DPS",31.125,4.55651853566303,5.7544106543929,1418.21639422512,7344.89957624734,393,8,list(c(7.96532544778762, 8.0274600518057, 8.02818912550688, 7.96610108165351, 7.96532544778762, 43.7884322968633, 43.7889779588842, 43.7439650551434, 43.7434202448619, 43.7884322968633))
"303",575,416751.483813806,4848895.10205162,421751.483813806,4843895.10205162,14,8,"boat_100","14320","September","OTB","VL1824","SAN REMO","DPS",12.1041666666667,0.63650439036578,5.00136248471149,77.0435522505247,346.790458723215,393,8,list(c(7.96532544778762, 8.0274600518057, 8.02818912550688, 7.96610108165351, 7.96532544778762, 43.7884322968633, 43.7889779588842, 43.7439650551434, 43.7434202448619, 43.7884322968633))
"304",575,416751.483813806,4848895.10205162,421751.483813806,4843895.10205162,14,8,"boat_100","14321","January","OTB","VL1824","SAN REMO","ARS",22.4791666666667,0.19353811495109,24.5830209534728,43.5057554233805,962.552607452661,542,12,list(c(7.96532544778762, 8.0274600518057, 8.02818912550688, 7.96610108165351, 7.96532544778762, 43.7884322968633, 43.7889779588842, 43.7439650551434, 43.7434202448619, 43.7884322968633))
"305",575,416751.483813806,4848895.10205162,421751.483813806,4843895.10205162,14,8,"boat_100","14322","May","OTB","VL1824","SAN REMO","ARA",29.9722222222222,1.91337367075364,21.4248949610598,573.480608539771,11058.0856201523,542,10,list(c(7.96532544778762, 8.0274600518057, 8.02818912550688, 7.96610108165351, 7.96532544778762, 43.7884322968633, 43.7889779588842, 43.7439650551434, 43.7434202448619, 43.7884322968633))
"306",575,416751.483813806,4848895.10205162,421751.483813806,4843895.10205162,14,8,"boat_100","14322","May","OTB","VL1824","SAN REMO","ARS",29.9722222222222,0.618242696627668,25.3359006610148,185.301074905904,4225.29266357572,542,10,list(c(7.96532544778762, 8.0274600518057, 8.02818912550688, 7.96610108165351, 7.96532544778762, 43.7884322968633, 43.7889779588842, 43.7439650551434, 43.7434202448619, 43.7884322968633))
"307",575,416751.483813806,4848895.10205162,421751.483813806,4843895.10205162,14,8,"boat_100","14675","February","OTB","VL1824","SAN REMO","ARA",20.75,0.198496966989137,26.8057018241345,41.1881206502458,993.66883276227,412,6,list(c(7.96532544778762, 8.0274600518057, 8.02818912550688, 7.96610108165351, 7.96532544778762, 43.7884322968633, 43.7889779588842, 43.7439650551434, 43.7434202448619, 43.7884322968633))
"308",575,416751.483813806,4848895.10205162,421751.483813806,4843895.10205162,14,8,"boat_100","14675","February","OTB","VL1824","SAN REMO","ARS",20.75,0.258074390406055,25.8690834087981,53.5504360092565,1246.77062613086,412,6,list(c(7.96532544778762, 8.0274600518057, 8.02818912550688, 7.96610108165351, 7.96532544778762, 43.7884322968633, 43.7889779588842, 43.7439650551434, 43.7434202448619, 43.7884322968633))
"309",575,416751.483813806,4848895.10205162,421751.483813806,4843895.10205162,14,8,"boat_100","14675","March","OTB","VL1824","SAN REMO","ARA",65.7083333333333,0.494114090584565,21.5689673368457,324.674133688275,6302.59720617697,412,6,list(c(7.96532544778762, 8.0274600518057, 8.02818912550688, 7.96610108165351, 7.96532544778762, 43.7884322968633, 43.7889779588842, 43.7439650551434, 43.7434202448619, 43.7884322968633))
"310",575,416751.483813806,4848895.10205162,421751.483813806,4843895.10205162,14,8,"boat_100","14675","April","OTB","VL1824","SAN REMO","ARA",20.75,0.433732431843769,22.2435982923178,89.9994796075821,1801.72104381783,412,8,list(c(7.96532544778762, 8.0274600518057, 8.02818912550688, 7.96610108165351, 7.96532544778762, 43.7884322968633, 43.7889779588842, 43.7439650551434, 43.7434202448619, 43.7884322968633))
"311",575,416751.483813806,4848895.10205162,421751.483813806,4843895.10205162,14,8,"boat_100","14675","September","OTB","VL1824","SAN REMO","ARA",20.75,0.839355139742465,25.9323079569126,174.166191496562,4064.87818221431,412,8,list(c(7.96532544778762, 8.0274600518057, 8.02818912550688, 7.96610108165351, 7.96532544778762, 43.7884322968633, 43.7889779588842, 43.7439650551434, 43.7434202448619, 43.7884322968633))
"312",575,416751.483813806,4848895.10205162,421751.483813806,4843895.10205162,14,8,"boat_100","14676","January","OTB","VL1824","SAN REMO","ARA",43.2291666666667,1.49805965321313,19.5783417508418,647.598704253592,11411.0178743512,412,12,list(c(7.96532544778762, 8.0274600518057, 8.02818912550688, 7.96610108165351, 7.96532544778762, 43.7884322968633, 43.7889779588842, 43.7439650551434, 43.7434202448619, 43.7884322968633))
"313",575,416751.483813806,4848895.10205162,421751.483813806,4843895.10205162,14,8,"boat_100","14676","January","OTB","VL1824","SAN REMO","ARS",43.2291666666667,1.14290172984759,24.5830209534728,494.066893632031,10931.0911187161,412,12,list(c(7.96532544778762, 8.0274600518057, 8.02818912550688, 7.96610108165351, 7.96532544778762, 43.7884322968633, 43.7889779588842, 43.7439650551434, 43.7434202448619, 43.7884322968633))
"314",575,416751.483813806,4848895.10205162,421751.483813806,4843895.10205162,14,8,"boat_100","14677","January","OTB","VL1824","SAN REMO","ARS",63.9791666666667,0.433629671842667,24.5830209534728,277.43265046434,6138.11939358811,553,12,list(c(7.96532544778762, 8.0274600518057, 8.02818912550688, 7.96610108165351, 7.96532544778762, 43.7884322968633, 43.7889779588842, 43.7439650551434, 43.7434202448619, 43.7884322968633))
"315",644,421751.483813806,4853895.10205162,426751.483813806,4848895.10205162,13,9,"boat_100","16097","July","OTB","VL1824","SAN REMO","ARA",21.9027777777778,2.92360747003935,24.1624894594861,640.351247257229,13925.2322359994,476,8,list(c(8.02672928434855, 8.08891225512042, 8.08959634957663, 8.0274600518057, 8.02672928434855, 43.8339904969856, 43.8345031841406, 43.7894898458176, 43.7889779588842, 43.8339904969856))
"316",644,421751.483813806,4853895.10205162,426751.483813806,4848895.10205162,13,9,"boat_100","16097","August","OTB","VL1824","SAN REMO","ARA",33.8916666666667,2.01326746349588,23.7726692199181,682.329897836477,14598.7226641143,476,9,list(c(8.02672928434855, 8.08891225512042, 8.08959634957663, 8.0274600518057, 8.02672928434855, 43.8339904969856, 43.8345031841406, 43.7894898458176, 43.7889779588842, 43.8339904969856))
"317",644,421751.483813806,4853895.10205162,426751.483813806,4848895.10205162,13,9,"boat_100","16097","November","OTB","VL1824","SAN REMO","ARA",22.4791666666667,1.30295242786083,37.1513233542056,292.892847846216,9793.221208622,476,6,list(c(8.02672928434855, 8.08891225512042, 8.08959634957663, 8.0274600518057, 8.02672928434855, 43.8339904969856, 43.8345031841406, 43.7894898458176, 43.7889779588842, 43.8339904969856))
"318",644,421751.483813806,4853895.10205162,426751.483813806,4848895.10205162,13,9,"boat_100","16098","December","OTB","VL1824","SAN REMO","ARA",86.4583333333333,9.54061939488439,37.731616385186,8248.66051849379,280111.764937893,476,7,list(c(8.02672928434855, 8.08891225512042, 8.08959634957663, 8.0274600518057, 8.02672928434855, 43.8339904969856, 43.8345031841406, 43.7894898458176, 43.7889779588842, 43.8339904969856))
"319",644,421751.483813806,4853895.10205162,426751.483813806,4848895.10205162,13,9,"boat_100","16453","March","OTB","VL1824","SAN REMO","ARA",10.375,0.698144872523913,21.5689673368457,72.432530524356,1406.06539650442,451,6,list(c(8.02672928434855, 8.08891225512042, 8.08959634957663, 8.0274600518057, 8.02672928434855, 43.8339904969856, 43.8345031841406, 43.7894898458176, 43.7889779588842, 43.8339904969856))
"320",644,421751.483813806,4853895.10205162,426751.483813806,4848895.10205162,13,9,"boat_100","16809","November","OTB","VL1824","SAN REMO","ARA",19.0208333333333,0.365649701498968,37.1513233542056,69.5496203059495,2325.47438983369,451,6,list(c(8.02672928434855, 8.08891225512042, 8.08959634957663, 8.0274600518057, 8.02672928434855, 43.8339904969856, 43.8345031841406, 43.7894898458176, 43.7889779588842, 43.8339904969856))
"321",644,421751.483813806,4853895.10205162,426751.483813806,4848895.10205162,13,9,"boat_100","17164","November","OTB","VL1824","SAN REMO","DPS",14.6979166666667,1.07228505154315,7.49407263907235,157.603563304935,1062.98329642544,271,6,list(c(8.02672928434855, 8.08891225512042, 8.08959634957663, 8.0274600518057, 8.02672928434855, 43.8339904969856, 43.8345031841406, 43.7894898458176, 43.7889779588842, 43.8339904969856))
"322",644,421751.483813806,4853895.10205162,426751.483813806,4848895.10205162,13,9,"boat_100","17519","May","OTB","VL1824","SAN REMO","ARA",24.2083333333333,6.58692623042667,21.4248949610598,1594.58505828246,30747.4356421593,340,10,list(c(8.02672928434855, 8.08891225512042, 8.08959634957663, 8.0274600518057, 8.02672928434855, 43.8339904969856, 43.8345031841406, 43.7894898458176, 43.7889779588842, 43.8339904969856))
"323",644,421751.483813806,4853895.10205162,426751.483813806,4848895.10205162,13,9,"boat_100","17519","May","OTB","VL1824","SAN REMO","ARS",24.2083333333333,0.091691284834789,25.3359006610148,22.1969318704219,506.141334763492,340,10,list(c(8.02672928434855, 8.08891225512042, 8.08959634957663, 8.0274600518057, 8.02672928434855, 43.8339904969856, 43.8345031841406, 43.7894898458176, 43.7889779588842, 43.8339904969856))
"324",644,421751.483813806,4853895.10205162,426751.483813806,4848895.10205162,13,9,"boat_100","17519","May","OTB","VL1824","SAN REMO","DPS",24.2083333333333,5.17363824989607,6.16866067749044,1252.45159299567,6953.3540029554,340,10,list(c(8.02672928434855, 8.08891225512042, 8.08959634957663, 8.0274600518057, 8.02672928434855, 43.8339904969856, 43.8345031841406, 43.7894898458176, 43.7889779588842, 43.8339904969856))
"325",644,421751.483813806,4853895.10205162,426751.483813806,4848895.10205162,13,9,"boat_100","17520","November","OTB","VL1824","SAN REMO","DPS",19.8854166666667,0.495576957244344,7.49407263907235,98.5475428520264,664.670200081662,340,6,list(c(8.02672928434855, 8.08891225512042, 8.08959634957663, 8.0274600518057, 8.02672928434855, 43.8339904969856, 43.8345031841406, 43.7894898458176, 43.7889779588842, 43.8339904969856))
"326",644,421751.483813806,4853895.10205162,426751.483813806,4848895.10205162,13,9,"boat_153","16453","July","OTB","VL1218","SAN REMO","ARA",22.6266666666667,22.9599169255119,24.1624894594861,5195.06386967915,112973.108393232,451,8,list(c(8.02672928434855, 8.08891225512042, 8.08959634957663, 8.0274600518057, 8.02672928434855, 43.8339904969856, 43.8345031841406, 43.7894898458176, 43.7889779588842, 43.8339904969856))
"327",644,421751.483813806,4853895.10205162,426751.483813806,4848895.10205162,13,9,"boat_153","17165","August","OTB","VL1218","SAN REMO","ARA",17.6770833333333,1.43556940392796,23.7726692199181,253.766799840182,5429.44277243801,543,6,list(c(8.02672928434855, 8.08891225512042, 8.08959634957663, 8.0274600518057, 8.02672928434855, 43.8339904969856, 43.8345031841406, 43.7894898458176, 43.7889779588842, 43.8339904969856))
"328",644,421751.483813806,4853895.10205162,426751.483813806,4848895.10205162,13,9,"boat_153","17520","March","OTB","VL1218","SAN REMO","DPS",15.5558333333333,26.6518696804695,5.83805473815622,4145.92042771103,21783.6993573154,340,5,list(c(8.02672928434855, 8.08891225512042, 8.08959634957663, 8.0274600518057, 8.02672928434855, 43.8339904969856, 43.8345031841406, 43.7894898458176, 43.7889779588842, 43.8339904969856))
"329",713,426751.483813806,4858895.10205162,431751.483813806,4853895.10205162,12,10,"boat_100","18585","February","OTB","VL1824","SAN REMO","DPS",17.2916666666667,0.269393469925025,5.71644260087317,46.5826208412023,239.658190413274,247,6,list(c(8.08822657063631, 8.1504579173065, 8.15109681591725, 8.08891225512042, 8.08822657063631, 43.8795161579675, 43.8799957633624, 43.8349820409914, 43.8345031841406, 43.8795161579675))
"330",713,426751.483813806,4858895.10205162,431751.483813806,4853895.10205162,12,10,"boat_100","18941","January","OTB","VL1824","SAN REMO","DPS",57.0625,1.10087453062063,5.55261824397262,628.1865290354,3139.27198356582,278,12,list(c(8.08822657063631, 8.1504579173065, 8.15109681591725, 8.08891225512042, 8.08822657063631, 43.8795161579675, 43.8799957633624, 43.8349820409914, 43.8345031841406, 43.8795161579675))
"331",713,426751.483813806,4858895.10205162,431751.483813806,4853895.10205162,12,10,"boat_100","19296","November","OTB","VL1824","SAN REMO","DPS",20.75,1.76020967212261,7.49407263907235,365.243506965441,2463.44523493369,327,6,list(c(8.08822657063631, 8.1504579173065, 8.15109681591725, 8.08891225512042, 8.08822657063631, 43.8795161579675, 43.8799957633624, 43.8349820409914, 43.8345031841406, 43.8795161579675))
"332",713,426751.483813806,4858895.10205162,431751.483813806,4853895.10205162,12,10,"boat_100","19297","June","OTB","VL1824","SAN REMO","ARS",34.5833333333333,1.19112703772668,24.0788103493001,411.931433880478,8926.93698599098,327,7,list(c(8.08822657063631, 8.1504579173065, 8.15109681591725, 8.08891225512042, 8.08822657063631, 43.8795161579675, 43.8799957633624, 43.8349820409914, 43.8345031841406, 43.8795161579675))
"333",714,426751.483813806,4853895.10205162,431751.483813806,4848895.10205162,13,10,"boat_100","18230","May","OTB","VL1824","SAN REMO","DPS",5.1875,12.7682488397402,6.16866067749044,662.352908561524,3677.2473074984,184,10,list(c(8.08891225512042, 8.15109681591725, 8.15173423295952, 8.08959634957663, 8.08891225512042, 43.8345031841406, 43.8349820409914, 43.7899679552381, 43.7894898458176, 43.8345031841406))
"334",714,426751.483813806,4853895.10205162,431751.483813806,4848895.10205162,13,10,"boat_100","18232","February","OTB","VL1824","SAN REMO","DPS",17.2916666666667,1.58867808977777,5.71644260087317,274.70891969074,1413.32199422399,380,6,list(c(8.08891225512042, 8.15109681591725, 8.15173423295952, 8.08959634957663, 8.08891225512042, 43.8345031841406, 43.8349820409914, 43.7899679552381, 43.7894898458176, 43.8345031841406))
"335",714,426751.483813806,4853895.10205162,431751.483813806,4848895.10205162,13,10,"boat_100","18232","May","OTB","VL1824","SAN REMO","DPS",8.06944444444445,2.99638392433136,6.16866067749044,241.791536116183,1342.37694689092,380,10,list(c(8.08891225512042, 8.15109681591725, 8.15173423295952, 8.08959634957663, 8.08891225512042, 43.8345031841406, 43.8349820409914, 43.7899679552381, 43.7894898458176, 43.8345031841406))
"336",714,426751.483813806,4853895.10205162,431751.483813806,4848895.10205162,13,10,"boat_100","18232","June","OTB","VL1824","SAN REMO","DPS",21.9027777777778,6.46658816470737,6.23678124438609,1416.36243551993,7950.18840579335,380,7,list(c(8.08891225512042, 8.15109681591725, 8.15173423295952, 8.08959634957663, 8.08891225512042, 43.8345031841406, 43.8349820409914, 43.7899679552381, 43.7894898458176, 43.8345031841406))
"337",714,426751.483813806,4853895.10205162,431751.483813806,4848895.10205162,13,10,"boat_100","18232","November","OTB","VL1824","SAN REMO","ARA",8.06944444444445,1.04360978357896,37.1513233542056,84.2135117026912,2815.77906365387,380,6,list(c(8.08891225512042, 8.15109681591725, 8.15173423295952, 8.08959634957663, 8.08891225512042, 43.8345031841406, 43.8349820409914, 43.7899679552381, 43.7894898458176, 43.8345031841406))
"338",714,426751.483813806,4853895.10205162,431751.483813806,4848895.10205162,13,10,"boat_100","18232","November","OTB","VL1824","SAN REMO","DPS",8.06944444444445,0.747252115737033,7.49407263907235,60.2990943393356,406.697213744331,380,6,list(c(8.08891225512042, 8.15109681591725, 8.15173423295952, 8.08959634957663, 8.08891225512042, 43.8345031841406, 43.8349820409914, 43.7899679552381, 43.7894898458176, 43.8345031841406))
"339",714,426751.483813806,4853895.10205162,431751.483813806,4848895.10205162,13,10,"boat_100","18232","December","OTB","VL1824","SAN REMO","DPS",13.8333333333333,0.640042971421265,6.58751642757973,88.5392777132749,524.928551780018,380,7,list(c(8.08891225512042, 8.15109681591725, 8.15173423295952, 8.08959634957663, 8.08891225512042, 43.8345031841406, 43.8349820409914, 43.7899679552381, 43.7894898458176, 43.8345031841406))
"340",714,426751.483813806,4853895.10205162,431751.483813806,4848895.10205162,13,10,"boat_100","18588","March","OTB","VL1824","SAN REMO","ARA",11.5277777777778,0.359295802488105,21.5689673368457,41.4188216757121,804.025090668664,446,6,list(c(8.08891225512042, 8.15109681591725, 8.15173423295952, 8.08959634957663, 8.08891225512042, 43.8345031841406, 43.8349820409914, 43.7899679552381, 43.7894898458176, 43.8345031841406))
"341",714,426751.483813806,4853895.10205162,431751.483813806,4848895.10205162,13,10,"boat_100","18588","March","OTB","VL1824","SAN REMO","ARS",11.5277777777778,0.346519322292382,25.1869705386644,39.9459774309274,905.50634102183,446,6,list(c(8.08891225512042, 8.15109681591725, 8.15173423295952, 8.08959634957663, 8.08891225512042, 43.8345031841406, 43.8349820409914, 43.7899679552381, 43.7894898458176, 43.8345031841406))
"342",714,426751.483813806,4853895.10205162,431751.483813806,4848895.10205162,13,10,"boat_100","18944","November","OTB","VL1824","SAN REMO","ARA",17.2916666666667,0.056213629709127,37.1513233542056,9.72027347053662,325.008920515691,494,6,list(c(8.08891225512042, 8.15109681591725, 8.15173423295952, 8.08959634957663, 8.08891225512042, 43.8345031841406, 43.8349820409914, 43.7899679552381, 43.7894898458176, 43.8345031841406))
"343",714,426751.483813806,4853895.10205162,431751.483813806,4848895.10205162,13,10,"boat_100","18944","November","OTB","VL1824","SAN REMO","ARS",17.2916666666667,0.053435583447445,41.0476496419006,9.23990297112077,341.34866989535,494,6,list(c(8.08891225512042, 8.15109681591725, 8.15173423295952, 8.08959634957663, 8.08891225512042, 43.8345031841406, 43.8349820409914, 43.7899679552381, 43.7894898458176, 43.8345031841406))
"344",714,426751.483813806,4853895.10205162,431751.483813806,4848895.10205162,13,10,"boat_100","18944","December","OTB","VL1824","SAN REMO","ARA",26.5138888888889,1.24676967752688,37.731616385186,330.567126999836,11225.5488229598,494,7,list(c(8.08891225512042, 8.15109681591725, 8.15173423295952, 8.08959634957663, 8.08891225512042, 43.8345031841406, 43.8349820409914, 43.7899679552381, 43.7894898458176, 43.8345031841406))
"345",714,426751.483813806,4853895.10205162,431751.483813806,4848895.10205162,13,10,"boat_100","19302","August","OTB","VL1824","SAN REMO","ARA",19.5972222222222,2.87168638518909,23.7726692199181,562.770762430807,12040.7068637178,686,9,list(c(8.08891225512042, 8.15109681591725, 8.15173423295952, 8.08959634957663, 8.08891225512042, 43.8345031841406, 43.8349820409914, 43.7899679552381, 43.7894898458176, 43.8345031841406))
"346",714,426751.483813806,4853895.10205162,431751.483813806,4848895.10205162,13,10,"boat_153","17876","February","OTB","VL1218","SAN REMO","DPS",15.5558333333333,5.09279252944131,5.71644260087317,792.226317892341,4075.8446458194,380,5,list(c(8.08891225512042, 8.15109681591725, 8.15173423295952, 8.08959634957663, 8.08891225512042, 43.8345031841406, 43.8349820409914, 43.7899679552381, 43.7894898458176, 43.8345031841406))
"347",714,426751.483813806,4853895.10205162,431751.483813806,4848895.10205162,13,10,"boat_153","17876","August","OTB","VL1218","SAN REMO","DPS",19.7983333333333,10.8276343450916,5.93221447134711,2143.69113975572,11445.1520412217,380,6,list(c(8.08891225512042, 8.15109681591725, 8.15173423295952, 8.08959634957663, 8.08891225512042, 43.8345031841406, 43.8349820409914, 43.7899679552381, 43.7894898458176, 43.8345031841406))
"348",714,426751.483813806,4853895.10205162,431751.483813806,4848895.10205162,13,10,"boat_153","17876","September","OTB","VL1218","SAN REMO","DPS",21.6838888888889,36.5628139707954,5.00136248471149,7928.23995607842,35686.8016975092,380,10,list(c(8.08891225512042, 8.15109681591725, 8.15173423295952, 8.08959634957663, 8.08891225512042, 43.8345031841406, 43.8349820409914, 43.7899679552381, 43.7894898458176, 43.8345031841406))
"349",714,426751.483813806,4853895.10205162,431751.483813806,4848895.10205162,13,10,"boat_153","18232","November","OTB","VL1218","SAN REMO","DPS",10.60625,8.17504305235803,7.49407263907235,867.065503740724,5848.06668108016,380,4,list(c(8.08891225512042, 8.15109681591725, 8.15173423295952, 8.08959634957663, 8.08891225512042, 43.8345031841406, 43.8349820409914, 43.7899679552381, 43.7894898458176, 43.8345031841406))
"350",782,431751.483813806,4863895.10205162,436751.483813806,4858895.10205162,11,11,"boat_100","21070","February","OTB","VL1824","SAN REMO","DPS",3.45833333333333,0.85213491532072,5.71644260087317,29.4696658215082,151.615487822009,333,6,list(c(8.14981753299877, 8.21209726414292, 8.21269074967092, 8.1504579173065, 8.14981753299877, 43.9250091223099, 43.9254555389592, 43.8804414833052, 43.8799957633624, 43.9250091223099))
"351",782,431751.483813806,4863895.10205162,436751.483813806,4858895.10205162,11,11,"boat_100","21071","June","OTB","VL1824","SAN REMO","DPS",38.0416666666667,1.38228946463486,6.23678124438609,525.845950504844,2951.62754539049,333,7,list(c(8.14981753299877, 8.21209726414292, 8.21269074967092, 8.1504579173065, 8.14981753299877, 43.9250091223099, 43.9254555389592, 43.8804414833052, 43.8799957633624, 43.9250091223099))
"352",782,431751.483813806,4863895.10205162,436751.483813806,4858895.10205162,11,11,"boat_153","21072","January","OTB","VL1218","SAN REMO","DPS",16.97,27.8802522582206,5.55261824397262,4731.27880822003,23643.8865250592,328,6,list(c(8.14981753299877, 8.21209726414292, 8.21269074967092, 8.1504579173065, 8.14981753299877, 43.9250091223099, 43.9254555389592, 43.8804414833052, 43.8799957633624, 43.9250091223099))
"353",783,431751.483813806,4858895.10205162,436751.483813806,4853895.10205162,12,11,"boat_100","19651","February","OTB","VL1824","SAN REMO","DPS",20.75,1.46491337663248,5.71644260087317,303.969525651239,1563.86191121996,207,6,list(c(8.1504579173065, 8.21269074967092, 8.21328285827984, 8.15109681591725, 8.1504579173065, 43.8799957633624, 43.8804414833052, 43.8354270652662, 43.8349820409914, 43.8799957633624))
"354",783,431751.483813806,4858895.10205162,436751.483813806,4853895.10205162,12,11,"boat_100","19651","June","OTB","VL1824","SAN REMO","ARA",25.9375,1.13576539817251,24.7151663868788,294.589150150996,6552.73787557598,207,7,list(c(8.1504579173065, 8.21269074967092, 8.21328285827984, 8.15109681591725, 8.1504579173065, 43.8799957633624, 43.8804414833052, 43.8354270652662, 43.8349820409914, 43.8799957633624))
"355",783,431751.483813806,4858895.10205162,436751.483813806,4853895.10205162,12,11,"boat_100","19651","June","OTB","VL1824","SAN REMO","DPS",25.9375,5.54261056448308,6.23678124438609,1437.6146151628,8069.4790816524,207,7,list(c(8.1504579173065, 8.21269074967092, 8.21328285827984, 8.15109681591725, 8.1504579173065, 43.8799957633624, 43.8804414833052, 43.8354270652662, 43.8349820409914, 43.8799957633624))
"356",783,431751.483813806,4858895.10205162,436751.483813806,4853895.10205162,12,11,"boat_100","19653","March","OTB","VL1824","SAN REMO","DPS",8.64583333333333,3.26971817736489,5.83805473815622,282.694384084672,1485.34675961011,327,6,list(c(8.1504579173065, 8.21269074967092, 8.21328285827984, 8.15109681591725, 8.1504579173065, 43.8799957633624, 43.8804414833052, 43.8354270652662, 43.8349820409914, 43.8799957633624))
"357",783,431751.483813806,4858895.10205162,436751.483813806,4853895.10205162,12,11,"boat_100","19653","June","OTB","VL1824","SAN REMO","DPS",5.76388888888889,2.7743176966125,6.23678124438609,159.908589457526,897.583402390439,327,7,list(c(8.1504579173065, 8.21269074967092, 8.21328285827984, 8.15109681591725, 8.1504579173065, 43.8799957633624, 43.8804414833052, 43.8354270652662, 43.8349820409914, 43.8799957633624))
"358",783,431751.483813806,4858895.10205162,436751.483813806,4853895.10205162,12,11,"boat_100","20009","March","OTB","VL1824","SAN REMO","DPS",19.0208333333333,3.26733286440694,5.83805473815622,621.47393858407,3265.37898461221,391,6,list(c(8.1504579173065, 8.21269074967092, 8.21328285827984, 8.15109681591725, 8.1504579173065, 43.8799957633624, 43.8804414833052, 43.8354270652662, 43.8349820409914, 43.8799957633624))
"359",783,431751.483813806,4858895.10205162,436751.483813806,4853895.10205162,12,11,"boat_100","20009","November","OTB","VL1824","SAN REMO","DPS",25.9375,4.43989497689685,7.49407263907235,1151.59775963262,7767.14153551185,391,6,list(c(8.1504579173065, 8.21269074967092, 8.21328285827984, 8.15109681591725, 8.1504579173065, 43.8799957633624, 43.8804414833052, 43.8354270652662, 43.8349820409914, 43.8799957633624))
"360",783,431751.483813806,4858895.10205162,436751.483813806,4853895.10205162,12,11,"boat_100","20361","September","OTB","VL1824","SAN REMO","DPS",13.8333333333333,0.298271179907635,5.00136248471149,41.2608465538895,185.724405037854,256,8,list(c(8.1504579173065, 8.21269074967092, 8.21328285827984, 8.15109681591725, 8.1504579173065, 43.8799957633624, 43.8804414833052, 43.8354270652662, 43.8349820409914, 43.8799957633624))
"361",783,431751.483813806,4858895.10205162,436751.483813806,4853895.10205162,12,11,"boat_100","21075","March","OTB","VL1824","SAN REMO","DPS",3.45833333333333,2.88534843680922,5.83805473815622,99.7849667729857,524.295088259211,382,6,list(c(8.1504579173065, 8.21269074967092, 8.21328285827984, 8.15109681591725, 8.1504579173065, 43.8799957633624, 43.8804414833052, 43.8354270652662, 43.8349820409914, 43.8799957633624))
"362",783,431751.483813806,4858895.10205162,436751.483813806,4853895.10205162,12,11,"boat_100","21075","August","OTB","VL1824","SAN REMO","DPS",20.75,9.15877395974802,5.93221447134711,1900.44559664771,10146.4657833973,382,9,list(c(8.1504579173065, 8.21269074967092, 8.21328285827984, 8.15109681591725, 8.1504579173065, 43.8799957633624, 43.8804414833052, 43.8354270652662, 43.8349820409914, 43.8799957633624))
"363",783,431751.483813806,4858895.10205162,436751.483813806,4853895.10205162,12,11,"boat_100","21077","February","OTB","VL1824","SAN REMO","ARA",62.25,0.650162004977246,26.8057018241345,404.725848098336,9764.06436417955,505,6,list(c(8.1504579173065, 8.21269074967092, 8.21328285827984, 8.15109681591725, 8.1504579173065, 43.8799957633624, 43.8804414833052, 43.8354270652662, 43.8349820409914, 43.8799957633624))
"364",783,431751.483813806,4858895.10205162,436751.483813806,4853895.10205162,12,11,"boat_100","21077","February","OTB","VL1824","SAN REMO","ARS",62.25,0.385010773285192,25.8690834087981,239.669206370032,5580.02042109612,505,6,list(c(8.1504579173065, 8.21269074967092, 8.21328285827984, 8.15109681591725, 8.1504579173065, 43.8799957633624, 43.8804414833052, 43.8354270652662, 43.8349820409914, 43.8799957633624))
"365",783,431751.483813806,4858895.10205162,436751.483813806,4853895.10205162,12,11,"boat_100","21077","May","OTB","VL1824","SAN REMO","ARA",18.4444444444444,1.10957554988645,21.4248949610598,204.655045867944,3946.24157487442,505,10,list(c(8.1504579173065, 8.21269074967092, 8.21328285827984, 8.15109681591725, 8.1504579173065, 43.8799957633624, 43.8804414833052, 43.8354270652662, 43.8349820409914, 43.8799957633624))
"366",783,431751.483813806,4858895.10205162,436751.483813806,4853895.10205162,12,11,"boat_100","21077","May","OTB","VL1824","SAN REMO","ARS",18.4444444444444,0.088231632424199,25.3359006610148,16.2738344249078,371.081027126941,505,10,list(c(8.1504579173065, 8.21269074967092, 8.21328285827984, 8.15109681591725, 8.1504579173065, 43.8799957633624, 43.8804414833052, 43.8354270652662, 43.8349820409914, 43.8799957633624))
"367",783,431751.483813806,4858895.10205162,436751.483813806,4853895.10205162,12,11,"boat_153","20720","January","OTB","VL1218","SAN REMO","ARA",19.7983333333333,3.01334605404186,19.5783417508418,596.592296266054,10512.2590759946,465,6,list(c(8.1504579173065, 8.21269074967092, 8.21328285827984, 8.15109681591725, 8.1504579173065, 43.8799957633624, 43.8804414833052, 43.8354270652662, 43.8349820409914, 43.8799957633624))
"368",783,431751.483813806,4858895.10205162,436751.483813806,4853895.10205162,12,11,"boat_153","20720","January","OTB","VL1218","SAN REMO","ARS",19.7983333333333,0.850742557713292,24.5830209534728,168.432847384603,3726.5293948579,465,6,list(c(8.1504579173065, 8.21269074967092, 8.21328285827984, 8.15109681591725, 8.1504579173065, 43.8799957633624, 43.8804414833052, 43.8354270652662, 43.8349820409914, 43.8799957633624))
"369",783,431751.483813806,4858895.10205162,436751.483813806,4853895.10205162,12,11,"boat_153","20721","November","OTB","VL1218","SAN REMO","ARA",14.1416666666667,0.231154357117303,37.1513233542056,32.6890786690052,1092.99827860495,465,4,list(c(8.1504579173065, 8.21269074967092, 8.21328285827984, 8.15109681591725, 8.1504579173065, 43.8799957633624, 43.8804414833052, 43.8354270652662, 43.8349820409914, 43.8799957633624))
"370",783,431751.483813806,4858895.10205162,436751.483813806,4853895.10205162,12,11,"boat_153","20721","November","OTB","VL1218","SAN REMO","ARS",14.1416666666667,0.098813450421862,41.0476496419006,13.9738687804916,516.235022859162,465,4,list(c(8.1504579173065, 8.21269074967092, 8.21328285827984, 8.15109681591725, 8.1504579173065, 43.8799957633624, 43.8804414833052, 43.8354270652662, 43.8349820409914, 43.8799957633624))
"371",783,431751.483813806,4858895.10205162,436751.483813806,4853895.10205162,12,11,"boat_153","21077","June","OTB","VL1218","SAN REMO","ARA",11.3133333333333,9.24574061080684,24.7151663868788,1046.00145443595,23266.8899885715,505,6,list(c(8.1504579173065, 8.21269074967092, 8.21328285827984, 8.15109681591725, 8.1504579173065, 43.8799957633624, 43.8804414833052, 43.8354270652662, 43.8349820409914, 43.8799957633624))
"372",784,431751.483813806,4853895.10205162,436751.483813806,4848895.10205162,13,11,"boat_100","20010","September","OTB","VL1824","SAN REMO","ARA",48.4166666666667,4.76490162776641,25.9323079569126,2307.00653811024,53843.403604397,472,8,list(c(8.15109681591725, 8.21328285827984, 8.21387359379603, 8.15173423295952, 8.15109681591725, 43.8349820409914, 43.8354270652662, 43.79041228488, 43.7899679552381, 43.8349820409914))
"373",784,431751.483813806,4853895.10205162,436751.483813806,4848895.10205162,13,11,"boat_100","20013","August","OTB","VL1824","SAN REMO","ARA",24.2083333333333,2.37551154147795,23.7726692199181,575.071752332786,12303.8914913334,697,9,list(c(8.15109681591725, 8.21328285827984, 8.21387359379603, 8.15173423295952, 8.15109681591725, 43.8349820409914, 43.8354270652662, 43.79041228488, 43.7899679552381, 43.8349820409914))
"374",784,431751.483813806,4853895.10205162,436751.483813806,4848895.10205162,13,11,"boat_153","19656","March","OTB","VL1218","SAN REMO","ARA",18.3841666666667,4.55071964129906,21.5689673368457,836.611883389154,16240.3689477939,560,5,list(c(8.15109681591725, 8.21328285827984, 8.21387359379603, 8.15173423295952, 8.15109681591725, 43.8349820409914, 43.8354270652662, 43.79041228488, 43.7899679552381, 43.8349820409914))
"375",784,431751.483813806,4853895.10205162,436751.483813806,4848895.10205162,13,11,"boat_153","19656","March","OTB","VL1218","SAN REMO","ARS",18.3841666666667,1.08762823984828,25.1869705386644,199.95138832744,4532.55275427146,560,5,list(c(8.15109681591725, 8.21328285827984, 8.21387359379603, 8.15173423295952, 8.15109681591725, 43.8349820409914, 43.8354270652662, 43.79041228488, 43.7899679552381, 43.8349820409914))
"376",784,431751.483813806,4853895.10205162,436751.483813806,4848895.10205162,13,11,"boat_153","20366","February","OTB","VL1218","SAN REMO","ARA",13.1988888888889,2.843632759616,26.8057018241345,375.327928349761,9054.83568025243,494,5,list(c(8.15109681591725, 8.21328285827984, 8.21387359379603, 8.15173423295952, 8.15109681591725, 43.8349820409914, 43.8354270652662, 43.79041228488, 43.7899679552381, 43.8349820409914))
"377",850,436751.483813806,4873895.10205162,441751.483813806,4868895.10205162,9,12,"boat_100","22128","March","OTB","VL1824","SAN REMO","DPS",13.8333333333333,2.66890355140703,5.83805473815622,369.198324611306,1939.86002548474,152,6,list(c(8.21090614694807, 8.27328139168715, 8.27383052147437, 8.21150239785427, 8.21090614694807, 44.0154825629636, 44.0158963294658, 43.9708823530191, 43.9704692321908, 44.0154825629636))
"378",850,436751.483813806,4873895.10205162,441751.483813806,4868895.10205162,9,12,"boat_100","22128","November","OTB","VL1824","SAN REMO","DPS",25.3611111111111,0.378387123666173,7.49407263907235,95.9631788631155,647.239529768832,152,6,list(c(8.21090614694807, 8.27328139168715, 8.27383052147437, 8.21150239785427, 8.21090614694807, 44.0154825629636, 44.0158963294658, 43.9708823530191, 43.9704692321908, 44.0154825629636))
"379",851,436751.483813806,4868895.10205162,441751.483813806,4863895.10205162,10,12,"boat_100","22134","February","OTB","VL1824","SAN REMO","DPS",17.2916666666667,10.49886725455,5.71644260087317,1815.42912943261,9340.01677291919,349,6,list(c(8.21150239785427, 8.27383052147437, 8.27437837604519, 8.21209726414292, 8.21150239785427, 43.9704692321908, 43.9708823530191, 43.9258680150791, 43.9254555389592, 43.9704692321908))
"380",851,436751.483813806,4868895.10205162,441751.483813806,4863895.10205162,10,12,"boat_100","22844","April","OTB","VL1824","SAN REMO","DPS",15.5625,10.6263838608806,5.7544106543929,1653.73098834954,8564.62249697247,322,8,list(c(8.21150239785427, 8.27383052147437, 8.27437837604519, 8.21209726414292, 8.21150239785427, 43.9704692321908, 43.9708823530191, 43.9258680150791, 43.9254555389592, 43.9704692321908))
"381",851,436751.483813806,4868895.10205162,441751.483813806,4863895.10205162,10,12,"boat_100","22844","May","OTB","VL1824","SAN REMO","DPS",5.1875,2.85847157642663,6.16866067749044,148.283213027131,823.237942799163,322,10,list(c(8.21150239785427, 8.27383052147437, 8.27437837604519, 8.21209726414292, 8.21150239785427, 43.9704692321908, 43.9708823530191, 43.9258680150791, 43.9254555389592, 43.9704692321908))
"382",851,436751.483813806,4868895.10205162,441751.483813806,4863895.10205162,10,12,"boat_100","22844","December","OTB","VL1824","SAN REMO","DPS",17.2916666666667,5.94070764341383,6.58751642757973,1027.24736334031,6090.30799307301,322,7,list(c(8.21150239785427, 8.27383052147437, 8.27437837604519, 8.21209726414292, 8.21150239785427, 43.9704692321908, 43.9708823530191, 43.9258680150791, 43.9254555389592, 43.9704692321908))
"383",851,436751.483813806,4868895.10205162,441751.483813806,4863895.10205162,10,12,"boat_153","22134","November","OTB","VL1218","SAN REMO","DPS",16.97,23.2923626461083,7.49407263907235,3952.71394104458,26659.7328560958,349,4,list(c(8.21150239785427, 8.27383052147437, 8.27437837604519, 8.21209726414292, 8.21150239785427, 43.9704692321908, 43.9708823530191, 43.9258680150791, 43.9254555389592, 43.9704692321908))
"384",851,436751.483813806,4868895.10205162,441751.483813806,4863895.10205162,10,12,"boat_153","22843","March","OTB","VL1218","SAN REMO","DPS",16.97,38.8206044101805,5.83805473815622,6587.85656840763,34614.2405281372,322,5,list(c(8.21150239785427, 8.27383052147437, 8.27437837604519, 8.21209726414292, 8.21150239785427, 43.9704692321908, 43.9708823530191, 43.9258680150791, 43.9254555389592, 43.9704692321908))
"385",851,436751.483813806,4868895.10205162,441751.483813806,4863895.10205162,10,12,"boat_153","22843","April","OTB","VL1218","SAN REMO","ARA",19.7983333333333,8.68891953300551,22.2435982923178,1720.26125220954,34438.3202267897,322,5,list(c(8.21150239785427, 8.27383052147437, 8.27437837604519, 8.21209726414292, 8.21150239785427, 43.9704692321908, 43.9708823530191, 43.9258680150791, 43.9254555389592, 43.9704692321908))
"386",851,436751.483813806,4868895.10205162,441751.483813806,4863895.10205162,10,12,"boat_153","22843","April","OTB","VL1218","SAN REMO","ARS",19.7983333333333,0.712743612496317,23.9386194635842,141.111356214063,3040.20995255885,322,5,list(c(8.21150239785427, 8.27383052147437, 8.27437837604519, 8.21209726414292, 8.21150239785427, 43.9704692321908, 43.9708823530191, 43.9258680150791, 43.9254555389592, 43.9704692321908))
"387",851,436751.483813806,4868895.10205162,441751.483813806,4863895.10205162,10,12,"boat_153","22843","April","OTB","VL1218","SAN REMO","DPS",19.7983333333333,11.7335527197215,5.7544106543929,2323.04787929287,12030.994320541,322,5,list(c(8.21150239785427, 8.27383052147437, 8.27437837604519, 8.21209726414292, 8.21150239785427, 43.9704692321908, 43.9708823530191, 43.9258680150791, 43.9254555389592, 43.9704692321908))
"388",851,436751.483813806,4868895.10205162,441751.483813806,4863895.10205162,10,12,"boat_153","22843","June","OTB","VL1218","SAN REMO","DPS",18.3841666666667,47.5552404024711,6.23678124438609,8742.63465432429,49073.3098547487,322,6,list(c(8.21150239785427, 8.27383052147437, 8.27437837604519, 8.21209726414292, 8.21150239785427, 43.9704692321908, 43.9708823530191, 43.9258680150791, 43.9254555389592, 43.9704692321908))
"389",852,436751.483813806,4863895.10205162,441751.483813806,4858895.10205162,11,12,"boat_100","22850","December","OTB","VL1824","SAN REMO","ARA",25.9375,2.53805510684237,37.731616385186,658.308043337239,22355.1238990348,515,7,list(c(8.21209726414292, 8.27437837604519, 8.27492495895189, 8.21269074967092, 8.21209726414292, 43.9254555389592, 43.9258680150791, 43.8808533156793, 43.8804414833052, 43.9254555389592))
"390",852,436751.483813806,4863895.10205162,441751.483813806,4858895.10205162,11,12,"boat_153","22492","November","OTB","VL1218","SAN REMO","DPS",7.54222222222222,5.6169214088665,7.49407263907235,423.640694704287,2857.3147250829,376,4,list(c(8.21209726414292, 8.27437837604519, 8.27492495895189, 8.21269074967092, 8.21209726414292, 43.9254555389592, 43.9258680150791, 43.8808533156793, 43.8804414833052, 43.9254555389592))
"391",852,436751.483813806,4863895.10205162,441751.483813806,4858895.10205162,11,12,"boat_153","22493","June","OTB","VL1218","SAN REMO","DPS",5.65666666666667,21.79465297125,6.23678124438609,1232.85086974037,6920.11906336965,376,6,list(c(8.21209726414292, 8.27437837604519, 8.27492495895189, 8.21269074967092, 8.21209726414292, 43.9254555389592, 43.9258680150791, 43.8808533156793, 43.8804414833052, 43.9254555389592))
"392",852,436751.483813806,4863895.10205162,441751.483813806,4858895.10205162,11,12,"boat_153","22495","November","OTB","VL1218","SAN REMO","ARA",9.19208333333333,3.95777435446427,37.1513233542056,363.801916807651,12164.1503833807,455,4,list(c(8.21209726414292, 8.27437837604519, 8.27492495895189, 8.21269074967092, 8.21209726414292, 43.9254555389592, 43.9258680150791, 43.8808533156793, 43.8804414833052, 43.9254555389592))
"393",852,436751.483813806,4863895.10205162,441751.483813806,4858895.10205162,11,12,"boat_153","22495","November","OTB","VL1218","SAN REMO","ARS",9.19208333333333,0.174358430475478,41.0476496419006,16.027172227998,592.089975328736,455,4,list(c(8.21209726414292, 8.27437837604519, 8.27492495895189, 8.21269074967092, 8.21209726414292, 43.9254555389592, 43.9258680150791, 43.8808533156793, 43.8804414833052, 43.9254555389592))
"394",853,436751.483813806,4858895.10205162,441751.483813806,4853895.10205162,12,12,"boat_100","21433","April","OTB","VL1824","SAN REMO","ARA",20.75,0.427759438349944,22.2435982923178,88.7600834576134,1776.90927674138,533,8,list(c(8.21269074967092, 8.27492495895189, 8.27547027373262, 8.21328285827984, 8.21269074967092, 43.8804414833052, 43.8808533156793, 43.8358382548538, 43.8354270652662, 43.8804414833052))
"395",853,436751.483813806,4858895.10205162,441751.483813806,4853895.10205162,12,12,"boat_100","21433","April","OTB","VL1824","SAN REMO","ARS",20.75,0.207115151818663,23.9386194635842,42.9763940023726,925.915987745874,533,8,list(c(8.21269074967092, 8.27492495895189, 8.27547027373262, 8.21328285827984, 8.21269074967092, 43.8804414833052, 43.8808533156793, 43.8358382548538, 43.8354270652662, 43.8804414833052))
"396",853,436751.483813806,4858895.10205162,441751.483813806,4853895.10205162,12,12,"boat_153","21431","November","OTB","VL1218","SAN REMO","ARA",15.0844444444444,1.08029325627216,37.1513233542056,162.956236079454,5448.63583725486,427,4,list(c(8.21269074967092, 8.27492495895189, 8.27547027373262, 8.21328285827984, 8.21269074967092, 43.8804414833052, 43.8808533156793, 43.8358382548538, 43.8354270652662, 43.8804414833052))
"397",853,436751.483813806,4858895.10205162,441751.483813806,4853895.10205162,12,12,"boat_153","21786","September","OTB","VL1218","SAN REMO","ARA",22.6266666666667,4.32987279804638,25.9323079569126,979.705885104627,22865.4312477596,475,10,list(c(8.21269074967092, 8.27492495895189, 8.27547027373262, 8.21328285827984, 8.21269074967092, 43.8804414833052, 43.8808533156793, 43.8358382548538, 43.8354270652662, 43.8804414833052))
"398",853,436751.483813806,4858895.10205162,441751.483813806,4853895.10205162,12,12,"boat_153","22141","May","OTB","VL1218","SAN REMO","ARA",15.5558333333333,1.96416108173415,21.4248949610598,305.541624272761,5891.57748564795,474,7,list(c(8.21269074967092, 8.27492495895189, 8.27547027373262, 8.21328285827984, 8.21269074967092, 43.8804414833052, 43.8808533156793, 43.8358382548538, 43.8354270652662, 43.8804414833052))
"399",919,441751.483813806,4878895.10205162,446751.483813806,4873895.10205162,8,13,"boat_153","23549","April","OTB","VL1218","SAN REMO","ARA",14.1416666666667,13.1344214771292,22.2435982923178,1857.42610389069,37184.2561013485,290,5,list(c(8.27273098311714, 8.33515474104326, 8.33565791520667, 8.27328139168715, 8.27273098311714, 44.0609099443865, 44.0612902556671, 44.016276047308, 44.0158963294658, 44.0609099443865))
"400",919,441751.483813806,4878895.10205162,446751.483813806,4873895.10205162,8,13,"boat_153","23549","April","OTB","VL1218","SAN REMO","DPS",14.1416666666667,19.6453719572915,5.7544106543929,2778.18301762698,14388.1253608375,290,5,list(c(8.27273098311714, 8.33515474104326, 8.33565791520667, 8.27328139168715, 8.27273098311714, 44.0609099443865, 44.0612902556671, 44.016276047308, 44.0158963294658, 44.0609099443865))
"401",919,441751.483813806,4878895.10205162,446751.483813806,4873895.10205162,8,13,"boat_153","23905","June","OTB","VL1218","SAN REMO","DPS",16.97,9.01066085665115,6.23678124438609,1529.1091473737,8583.04732586355,372,6,list(c(8.27273098311714, 8.33515474104326, 8.33565791520667, 8.27328139168715, 8.27273098311714, 44.0609099443865, 44.0612902556671, 44.016276047308, 44.0158963294658, 44.0609099443865))
"402",919,441751.483813806,4878895.10205162,446751.483813806,4873895.10205162,8,13,"boat_153","23905","November","OTB","VL1218","SAN REMO","DPS",6.59944444444444,14.3351778653326,7.49407263907235,946.04209923492,6380.73739015828,372,4,list(c(8.27273098311714, 8.33515474104326, 8.33565791520667, 8.27328139168715, 8.27273098311714, 44.0609099443865, 44.0612902556671, 44.016276047308, 44.0158963294658, 44.0609099443865))
"403",920,441751.483813806,4873895.10205162,446751.483813806,4868895.10205162,9,13,"boat_100","23552","February","OTB","VL1824","SAN REMO","DPS",15.5625,2.84206666131599,5.71644260087317,442.296624167301,2275.52693815111,323,6,list(c(8.27328139168715, 8.33565791520667, 8.33615992030849, 8.27383052147437, 8.27328139168715, 44.0158963294658, 44.016276047308, 43.9712614783118, 43.9708823530191, 44.0158963294658))
"404",920,441751.483813806,4873895.10205162,446751.483813806,4868895.10205162,9,13,"boat_100","23554","May","OTB","VL1824","SAN REMO","ARA",21.6145833333333,0.47286500155904,21.4248949610598,102.207799816147,1970.81223773577,406,10,list(c(8.27328139168715, 8.33565791520667, 8.33615992030849, 8.27383052147437, 8.27328139168715, 44.0158963294658, 44.016276047308, 43.9712614783118, 43.9708823530191, 44.0158963294658))
"405",920,441751.483813806,4873895.10205162,446751.483813806,4868895.10205162,9,13,"boat_100","23554","May","OTB","VL1824","SAN REMO","ARS",21.6145833333333,0.203720676327388,25.3359006610148,44.0333753520135,1004.06270131901,406,10,list(c(8.27328139168715, 8.33565791520667, 8.33615992030849, 8.27383052147437, 8.27328139168715, 44.0158963294658, 44.016276047308, 43.9712614783118, 43.9708823530191, 44.0158963294658))
"406",920,441751.483813806,4873895.10205162,446751.483813806,4868895.10205162,9,13,"boat_153","23194","February","OTB","VL1218","SAN REMO","DPS",16.97,42.8034975899263,5.71644260087317,7263.75354101049,37370.5471656681,290,5,list(c(8.27328139168715, 8.33565791520667, 8.33615992030849, 8.27383052147437, 8.27328139168715, 44.0158963294658, 44.016276047308, 43.9712614783118, 43.9708823530191, 44.0158963294658))
"407",920,441751.483813806,4873895.10205162,446751.483813806,4868895.10205162,9,13,"boat_153","23550","May","OTB","VL1218","SAN REMO","DPS",18.3841666666667,19.9682110502311,6.16866067749044,3670.98919982623,20380.5780520141,290,7,list(c(8.27328139168715, 8.33565791520667, 8.33615992030849, 8.27383052147437, 8.27328139168715, 44.0158963294658, 44.016276047308, 43.9712614783118, 43.9708823530191, 44.0158963294658))
"408",920,441751.483813806,4873895.10205162,446751.483813806,4868895.10205162,9,13,"boat_153","23551","April","OTB","VL1218","SAN REMO","DPS",17.9127777777778,22.5394781969412,5.7544106543929,4037.44664168874,20909.8133743289,323,5,list(c(8.27328139168715, 8.33565791520667, 8.33615992030849, 8.27383052147437, 8.27328139168715, 44.0158963294658, 44.016276047308, 43.9712614783118, 43.9708823530191, 44.0158963294658))
"409",920,441751.483813806,4873895.10205162,446751.483813806,4868895.10205162,9,13,"boat_153","23553","November","OTB","VL1218","SAN REMO","ARA",12.7275,2.31749611362452,37.1513233542056,294.959317861561,9862.31609478966,406,4,list(c(8.27328139168715, 8.33565791520667, 8.33615992030849, 8.27383052147437, 8.27328139168715, 44.0158963294658, 44.016276047308, 43.9712614783118, 43.9708823530191, 44.0158963294658))
"410",920,441751.483813806,4873895.10205162,446751.483813806,4868895.10205162,9,13,"boat_153","23554","January","OTB","VL1218","SAN REMO","ARA",15.0844444444444,8.53833816840474,19.5783417508418,1287.96087749181,22694.5243991238,406,6,list(c(8.27328139168715, 8.33565791520667, 8.33615992030849, 8.27383052147437, 8.27328139168715, 44.0158963294658, 44.016276047308, 43.9712614783118, 43.9708823530191, 44.0158963294658))
"411",920,441751.483813806,4873895.10205162,446751.483813806,4868895.10205162,9,13,"boat_153","23554","February","OTB","VL1218","SAN REMO","ARA",16.97,0.122719503505189,26.8057018241345,20.8254997448305,502.417922848664,406,5,list(c(8.27328139168715, 8.33565791520667, 8.33615992030849, 8.27383052147437, 8.27328139168715, 44.0158963294658, 44.016276047308, 43.9712614783118, 43.9708823530191, 44.0158963294658))
"412",920,441751.483813806,4873895.10205162,446751.483813806,4868895.10205162,9,13,"boat_153","23906","February","OTB","VL1218","SAN REMO","DPS",9.19208333333333,14.0553371777384,5.71644260087317,1291.97830615869,6646.96784585655,372,5,list(c(8.27328139168715, 8.33565791520667, 8.33615992030849, 8.27383052147437, 8.27328139168715, 44.0158963294658, 44.016276047308, 43.9712614783118, 43.9708823530191, 44.0158963294658))
"413",920,441751.483813806,4873895.10205162,446751.483813806,4868895.10205162,9,13,"boat_153","23906","May","OTB","VL1218","SAN REMO","DPS",31.1116666666667,121.466783716482,6.16866067749044,37790.3408605929,209804.210690129,372,7,list(c(8.27328139168715, 8.33565791520667, 8.33615992030849, 8.27383052147437, 8.27328139168715, 44.0158963294658, 44.016276047308, 43.9712614783118, 43.9708823530191, 44.0158963294658))
"414",920,441751.483813806,4873895.10205162,446751.483813806,4868895.10205162,9,13,"boat_153","23906","September","OTB","VL1218","SAN REMO","DPS",14.1416666666667,21.4265158519066,5.00136248471149,3030.06645005713,13639.0146025488,372,10,list(c(8.27328139168715, 8.33565791520667, 8.33615992030849, 8.27383052147437, 8.27328139168715, 44.0158963294658, 44.016276047308, 43.9712614783118, 43.9708823530191, 44.0158963294658))
"415",921,441751.483813806,4868895.10205162,446751.483813806,4863895.10205162,10,13,"boat_100","23200","February","OTB","VL1824","SAN REMO","ARA",26.5138888888889,7.78775388644857,26.8057018241345,2064.8364123931,49814.4502676026,480,6,list(c(8.27383052147437, 8.33615992030849, 8.33666075960924, 8.27437837604519, 8.27383052147437, 43.9708823530191, 43.9712614783118, 43.9262465487083, 43.9258680150791, 43.9708823530191))
"416",921,441751.483813806,4868895.10205162,446751.483813806,4863895.10205162,10,13,"boat_100","23555","November","OTB","VL1824","SAN REMO","ARA",8.64583333333333,0.663037466737483,37.1513233542056,57.3251143116782,1916.73347229896,480,6,list(c(8.27383052147437, 8.33615992030849, 8.33666075960924, 8.27437837604519, 8.27383052147437, 43.9708823530191, 43.9712614783118, 43.9262465487083, 43.9258680150791, 43.9708823530191))
"417",921,441751.483813806,4868895.10205162,446751.483813806,4863895.10205162,10,13,"boat_100","23555","November","OTB","VL1824","SAN REMO","ARS",8.64583333333333,0.420180349688141,41.0476496419006,36.3280927334539,1342.06454041316,480,6,list(c(8.27383052147437, 8.33615992030849, 8.33666075960924, 8.27437837604519, 8.27383052147437, 43.9708823530191, 43.9712614783118, 43.9262465487083, 43.9258680150791, 43.9708823530191))
"418",921,441751.483813806,4868895.10205162,446751.483813806,4863895.10205162,10,13,"boat_100","24271","May","OTB","VL1824","SAN REMO","ARA",13.8333333333333,2.05968378856256,21.4248949610598,284.922924084487,5493.99934845733,673,10,list(c(8.27383052147437, 8.33615992030849, 8.33666075960924, 8.27437837604519, 8.27383052147437, 43.9708823530191, 43.9712614783118, 43.9262465487083, 43.9258680150791, 43.9708823530191))
"419",921,441751.483813806,4868895.10205162,446751.483813806,4863895.10205162,10,13,"boat_100","24271","May","OTB","VL1824","SAN REMO","ARS",13.8333333333333,1.33103583383129,25.3359006610148,184.126623679996,4198.51246194399,673,10,list(c(8.27383052147437, 8.33615992030849, 8.33666075960924, 8.27437837604519, 8.27383052147437, 43.9708823530191, 43.9712614783118, 43.9262465487083, 43.9258680150791, 43.9708823530191))
"420",922,441751.483813806,4863895.10205162,446751.483813806,4858895.10205162,11,13,"boat_100","23920","June","OTB","VL1824","SAN REMO","ARA",31.125,4.51838012198693,24.7151663868788,1406.34581296843,31282.2636885047,659,7,list(c(8.27437837604519, 8.33666075960924, 8.33716043635648, 8.27492495895189, 8.27437837604519, 43.9258680150791, 43.9262465487083, 43.8812312585284, 43.8808533156793, 43.9258680150791))
"421",922,441751.483813806,4863895.10205162,446751.483813806,4858895.10205162,11,13,"boat_100","24273","April","OTB","VL1824","SAN REMO","ARA",6.91666666666667,1.82452363712621,22.2435982923178,126.196218234563,2526.35218597735,657,8,list(c(8.27437837604519, 8.33666075960924, 8.33716043635648, 8.27492495895189, 8.27437837604519, 43.9258680150791, 43.9262465487083, 43.8812312585284, 43.8808533156793, 43.9258680150791))
"422",922,441751.483813806,4863895.10205162,446751.483813806,4858895.10205162,11,13,"boat_100","24273","April","OTB","VL1824","SAN REMO","ARS",6.91666666666667,0.588939259190179,23.9386194635842,40.7349654273207,877.624952604199,657,8,list(c(8.27437837604519, 8.33666075960924, 8.33716043635648, 8.27492495895189, 8.27437837604519, 43.9258680150791, 43.9262465487083, 43.8812312585284, 43.8808533156793, 43.9258680150791))
"423",3406,616751.483813806,4693895.10205162,621751.483813806,4688895.10205162,45,48,"boat_7","86034","June","OTB","VL2440","PORTO SANTO STEFANO","ARA",17.2666666666667,0.526774478916706,24.7151663868788,90.9563933596179,2023.20215625002,516,10,list(c(10.4183906369694, 10.4791153958817, 10.4780595751665, 10.4173781265974, 10.4183906369694, 42.388575273687, 42.3878077583417, 42.3427923209511, 42.3435586341459, 42.388575273687))
"424",3406,616751.483813806,4693895.10205162,621751.483813806,4688895.10205162,45,48,"boat_7","86034","June","OTB","VL2440","PORTO SANTO STEFANO","ARS",17.2666666666667,0.326021940678093,24.0788103493001,56.2931217570841,1219.924262483,516,10,list(c(10.4183906369694, 10.4791153958817, 10.4780595751665, 10.4173781265974, 10.4183906369694, 42.388575273687, 42.3878077583417, 42.3427923209511, 42.3435586341459, 42.388575273687))
"425",3473,621751.483813806,4708895.10205162,626751.483813806,4703895.10205162,42,49,"boat_7","88510","May","OTB","VL2440","PORTO SANTO STEFANO","DPS",30.2166666666667,21.1645823366807,6.16866067749044,6395.23129606703,35505.0106375544,304,8,list(c(10.4822974059231, 10.5431502522996, 10.5420435489181, 10.4812343047577, 10.4822974059231, 42.5228518132115, 42.5220483789959, 42.4770353281742, 42.4778375045824, 42.5228518132115))
"426",3542,626751.483813806,4713895.10205162,631751.483813806,4708895.10205162,41,50,"boat_7","90642","June","OTB","VL2440","PORTO SANTO STEFANO","DPS",4.31666666666667,53.0671134197067,6.23678124438609,2290.73039595067,12858.1059324693,251,10,list(c(10.5442594955241, 10.6051534974238, 10.6040005588376, 10.5431502522996, 10.5442594955241, 42.5670610515562, 42.5662240086391, 42.521212646276, 42.5220483789959, 42.5670610515562))
"427",3613,631751.483813806,4708895.10205162,636751.483813806,4703895.10205162,42,51,"boat_7","91714","June","OTB","VL2440","PORTO SANTO STEFANO","DPS",30.2166666666667,0.675215795672524,6.23678124438609,204.027706259048,1145.22855455839,297,10,list(c(10.6040005588376, 10.6648482255838, 10.6636543384604, 10.6028502600476, 10.6040005588376, 42.521212646276, 42.5203446188915, 42.4753342352665, 42.4762009037923, 42.521212646276))
"428",3617,631751.483813806,4688895.10205162,636751.483813806,4683895.10205162,46,51,"boat_7","91734","June","OTB","VL2440","PORTO SANTO STEFANO","ARS",4.31666666666667,0.064007769860052,24.0788103493001,2.76300206562557,59.8768224596304,490,10,list(c(10.5994151318402, 10.66008904214, 10.6589060407632, 10.5982753217563, 10.5994151318402, 42.3411633968266, 42.3403007933497, 42.2952888827889, 42.2961501350723, 42.3411633968266))
"429",3618,631751.483813806,4683895.10205162,636751.483813806,4678895.10205162,47,51,"boat_7","92096","June","OTB","VL2440","PORTO SANTO STEFANO","ARA",4.31666666666667,0.128215917558536,24.7151663868788,5.53465377461012,123.11090003993,591,10,list(c(10.5982753217563, 10.6589060407632, 10.6577257426783, 10.5971381163648, 10.5982753217563, 42.2961501350723, 42.2952888827889, 42.2502765908145, 42.2511364938064, 42.2961501350723))
"430",3680,636751.483813806,4723895.10205162,641751.483813806,4718895.10205162,39,52,"boat_7","93480","December","OTB","VL2440","PORTO SANTO STEFANO","DPS",51.8,1.62113105792221,6.58751642757973,839.745888003705,4978.65584899524,152,8,list(c(10.6684463547985, 10.7294226252585, 10.7281766153389, 10.6672442263677, 10.6684463547985, 42.6553734769552, 42.6544689187485, 42.6094610970491, 42.6103642398614, 42.6553734769552))
"431",3751,641751.483813806,4718895.10205162,646751.483813806,4713895.10205162,40,53,"boat_7","95977","February","OTB","VL2440","PORTO SANTO STEFANO","DPS",8.63333333333334,15.1812272083464,5.71644260087317,1310.64594898724,6743.00910370726,158,10,list(c(10.7281766153389, 10.7891061493878, 10.7878192210102, 10.7269334603465, 10.7281766153389, 42.6094610970491, 42.608525566482, 42.5635188244879, 42.5644528910326, 42.6094610970491))
"432",3759,641751.483813806,4678895.10205162,646751.483813806,4673895.10205162,48,53,"boat_7","94589","June","OTB","VL2440","PORTO SANTO STEFANO","ARA",4.31666666666667,0.053494017648242,24.7151663868788,2.30915842848247,51.364111296247,659,10,list(c(10.7183106729067, 10.7788928087404, 10.7776292398176, 10.71709008373, 10.7183106729067, 42.2493846991406, 42.2484608228561, 42.2034509946335, 42.2043734233627, 42.2493846991406))
"433",3759,641751.483813806,4678895.10205162,646751.483813806,4673895.10205162,48,53,"boat_7","94589","June","OTB","VL2440","PORTO SANTO STEFANO","ARS",4.31666666666667,0.554819785979634,24.0788103493001,23.9497207614542,519.012705720377,659,10,list(c(10.7183106729067, 10.7788928087404, 10.7776292398176, 10.71709008373, 10.7183106729067, 42.2493846991406, 42.2484608228561, 42.2034509946335, 42.2043734233627, 42.2493846991406))
"434",3818,646751.483813806,4733895.10205162,651751.483813806,4728895.10205162,37,54,"boat_7","97742","May","OTB","VL2440","PORTO SANTO STEFANO","DPS",4.31666666666667,28.3851162752486,6.16866067749044,1225.29085254823,6802.5631505427,106,8,list(c(10.79298469842, 10.8540431768106, 10.8527032911179, 10.7916888801086, 10.79298469842, 42.7435434734937, 42.7425710025388, 42.6975669413161, 42.6985378911218, 42.7435434734937))
"435",3821,646751.483813806,4718895.10205162,651751.483813806,4713895.10205162,40,54,"boat_7","96331","December","OTB","VL2440","PORTO SANTO STEFANO","DPS",4.31666666666667,16.3431376902792,6.58751642757973,705.478776963721,4182.61772930163,135,8,list(c(10.7891061493878, 10.8500327281095, 10.8487020342845, 10.7878192210102, 10.7891061493878, 42.608525566482, 42.6075576524662, 42.5625524251259, 42.5635188244879, 42.608525566482))
"436",3822,646751.483813806,4713895.10205162,651751.483813806,4708895.10205162,41,54,"boat_7","96334","February","OTB","VL2440","PORTO SANTO STEFANO","DPS",8.63333333333334,21.5013167022552,5.71644260087317,1856.28034196137,9550.18802335623,158,10,list(c(10.7878192210102, 10.8487020342845, 10.8473743879593, 10.7865352400271, 10.7878192210102, 42.5635188244879, 42.5625524251259, 42.5175468093675, 42.5185116962276, 42.5635188244879))
"437",3822,646751.483813806,4713895.10205162,651751.483813806,4708895.10205162,41,54,"boat_7","97759","January","OTB","VL2440","PORTO SANTO STEFANO","DPS",4.31666666666667,9.38713870065893,5.55261824397262,405.21148724511,2024.98622707003,138,16,list(c(10.7878192210102, 10.8487020342845, 10.8473743879593, 10.7865352400271, 10.7878192210102, 42.5635188244879, 42.5625524251259, 42.5175468093675, 42.5185116962276, 42.5635188244879))
"438",3822,646751.483813806,4713895.10205162,651751.483813806,4708895.10205162,41,54,"boat_7","97760","December","OTB","VL2440","PORTO SANTO STEFANO","DPS",8.63333333333334,6.86415765181264,6.58751642757973,592.605610606491,3513.41927545156,138,8,list(c(10.7878192210102, 10.8487020342845, 10.8473743879593, 10.7865352400271, 10.7878192210102, 42.5635188244879, 42.5625524251259, 42.5175468093675, 42.5185116962276, 42.5635188244879))
"439",3823,646751.483813806,4708895.10205162,651751.483813806,4703895.10205162,42,54,"boat_7","97055","February","OTB","VL2440","PORTO SANTO STEFANO","DPS",12.95,12.4600433815039,5.71644260087317,1613.57561790476,8301.52116172889,180,10,list(c(10.7865352400271, 10.8473743879593, 10.8460497809588, 10.7852541985314, 10.7865352400271, 42.5185116962276, 42.5175468093675, 42.4725408053357, 42.4735041818394, 42.5185116962276))
"440",3829,646751.483813806,4678895.10205162,651751.483813806,4673895.10205162,48,54,"boat_7","96725","February","OTB","VL2440","PORTO SANTO STEFANO","DPS",4.31666666666667,5.96554814707032,5.71644260087317,257.512828348535,1324.85157201862,368,10,list(c(10.7788928087404, 10.8394720518987, 10.8381655109262, 10.7776292398176, 10.7788928087404, 42.2484608228561, 42.2475049661781, 42.2024966355744, 42.2034509946335, 42.2484608228561))
"441",3890,651751.483813806,4723895.10205162,656751.483813806,4718895.10205162,39,55,"boat_7","98105","August","OTB","VL2440","PORTO SANTO STEFANO","DPS",12.95,17.9855225069229,5.93221447134711,2329.12516464652,12435.1830065653,112,10,list(c(10.8513664776411, 10.9123338582447, 10.91095625113, 10.8500327281095, 10.8513664776411, 42.6525624912442, 42.6515606307303, 42.6065573594565, 42.6075576524662, 42.6525624912442))
"442",3890,651751.483813806,4723895.10205162,656751.483813806,4718895.10205162,39,55,"boat_7","98817","June","OTB","VL2440","PORTO SANTO STEFANO","DPS",25.9,56.7800116465658,6.23678124438609,14706.0230164605,82546.4236757142,115,10,list(c(10.8513664776411, 10.9123338582447, 10.91095625113, 10.8500327281095, 10.8513664776411, 42.6525624912442, 42.6515606307303, 42.6065573594565, 42.6075576524662, 42.6525624912442))
"443",3892,651751.483813806,4713895.10205162,656751.483813806,4708895.10205162,41,55,"boat_7","98115","January","OTB","VL2440","PORTO SANTO STEFANO","DPS",4.31666666666667,10.9165974212981,5.55261824397262,471.233122019368,2354.91986744003,132,16,list(c(10.8487020342845, 10.9095818000643, 10.908210496572, 10.8473743879593, 10.8487020342845, 42.5625524251259, 42.5615536973898, 42.5165496446813, 42.5175468093675, 42.5625524251259))
"444",3892,651751.483813806,4713895.10205162,656751.483813806,4708895.10205162,41,55,"boat_7","99185","May","OTB","VL2440","PORTO SANTO STEFANO","DPS",21.5833333333333,46.303183691135,6.16866067749044,9993.7704800033,55483.3610818749,126,8,list(c(10.8487020342845, 10.9095818000643, 10.908210496572, 10.8473743879593, 10.8487020342845, 42.5625524251259, 42.5615536973898, 42.5165496446813, 42.5175468093675, 42.5625524251259))
"445",3893,651751.483813806,4708895.10205162,656751.483813806,4703895.10205162,42,55,"boat_7","98478","February","OTB","VL2440","PORTO SANTO STEFANO","DPS",17.2666666666667,33.9764263239934,5.71644260087317,5866.59627860953,30182.4548002508,139,10,list(c(10.8473743879593, 10.908210496572, 10.9068423322102, 10.8460497809588, 10.8473743879593, 42.5175468093675, 42.5165496446813, 42.4715452014825, 42.4725408053357, 42.5175468093675))
"446",3893,651751.483813806,4708895.10205162,656751.483813806,4703895.10205162,42,55,"boat_7","98831","December","OTB","VL2440","PORTO SANTO STEFANO","DPS",12.95,9.30619175453385,6.58751642757973,1205.15183221213,7145.06174318272,136,8,list(c(10.8473743879593, 10.908210496572, 10.9068423322102, 10.8460497809588, 10.8473743879593, 42.5175468093675, 42.5165496446813, 42.4715452014825, 42.4725408053357, 42.5175468093675))
"447",3893,651751.483813806,4708895.10205162,656751.483813806,4703895.10205162,42,55,"boat_7","98832","July","OTB","VL2440","PORTO SANTO STEFANO","DPS",8.63333333333334,32.3779341412892,6.02637363853696,2795.29498086463,15160.9427861555,137,11,list(c(10.8473743879593, 10.908210496572, 10.9068423322102, 10.8460497809588, 10.8473743879593, 42.5175468093675, 42.5165496446813, 42.4715452014825, 42.4725408053357, 42.5175468093675))
"448",3893,651751.483813806,4708895.10205162,656751.483813806,4703895.10205162,42,55,"boat_7","99189","December","OTB","VL2440","PORTO SANTO STEFANO","DPS",12.95,20.76907535093,6.58751642757973,2689.59525794544,15945.9776507305,131,8,list(c(10.8473743879593, 10.908210496572, 10.9068423322102, 10.8460497809588, 10.8473743879593, 42.5175468093675, 42.5165496446813, 42.4715452014825, 42.4725408053357, 42.5175468093675))
"449",3894,651751.483813806,4703895.10205162,656751.483813806,4698895.10205162,43,55,"boat_7","98836","March","OTB","VL2440","PORTO SANTO STEFANO","DPS",4.31666666666667,15.0528592092817,5.83805473815622,649.781755867326,3414.11531274784,141,8,list(c(10.8460497809588, 10.9068423322102, 10.9054772985686, 10.8447282051394, 10.8460497809588, 42.4725408053357, 42.4715452014825, 42.4265403679454, 42.4275344131758, 42.4725408053357))
"450",3894,651751.483813806,4703895.10205162,656751.483813806,4698895.10205162,43,55,"boat_7","99192","July","OTB","VL2440","PORTO SANTO STEFANO","DPS",4.31666666666667,130.433380534496,6.02637363853696,5630.3742597391,30537.6651125899,138,11,list(c(10.8460497809588, 10.9068423322102, 10.9054772985686, 10.8447282051394, 10.8460497809588, 42.4725408053357, 42.4715452014825, 42.4265403679454, 42.4275344131758, 42.4725408053357))
"451",3960,656751.483813806,4723895.10205162,661751.483813806,4718895.10205162,39,56,"boat_7","100597","November","OTB","VL2440","PORTO SANTO STEFANO","DPS",21.5833333333333,30.0902568840102,7.49407263907235,6494.4804441322,43803.0973812254,100,10,list(c(10.9123338582447, 10.9732980742962, 10.971876618107, 10.91095625113, 10.9123338582447, 42.6515606307303, 42.6505263451463, 42.6055246920561, 42.6065573594565, 42.6515606307303))
"452",3960,656751.483813806,4723895.10205162,661751.483813806,4718895.10205162,39,56,"boat_7","100598","March","OTB","VL2440","PORTO SANTO STEFANO","DPS",4.31666666666667,11.2082748770512,5.83805473815622,483.823865526044,2542.13118951064,100,8,list(c(10.9123338582447, 10.9732980742962, 10.971876618107, 10.91095625113, 10.9123338582447, 42.6515606307303, 42.6505263451463, 42.6055246920561, 42.6065573594565, 42.6515606307303))
"453",3961,656751.483813806,4718895.10205162,661751.483813806,4713895.10205162,40,56,"boat_7","100247","December","OTB","VL2440","PORTO SANTO STEFANO","DPS",8.63333333333334,28.2235623183315,6.58751642757973,2436.63421348262,14446.2311183876,103,8,list(c(10.91095625113, 10.971876618107, 10.9704584182762, 10.9095818000643, 10.91095625113, 42.6065573594565, 42.6055246920561, 42.5605226458709, 42.5615536973898, 42.6065573594565))
"454",3962,656751.483813806,4713895.10205162,661751.483813806,4708895.10205162,41,56,"boat_7","100251","July","OTB","VL2440","PORTO SANTO STEFANO","DPS",86.3333333333333,5.83621121752423,6.02637363853696,5038.59568446259,27328.0141872823,116,11,list(c(10.9095818000643, 10.9704584182762, 10.9690434660597, 10.908210496572, 10.9095818000643, 42.5615536973898, 42.5605226458709, 42.5155202067485, 42.5165496446813, 42.5615536973898))
"455",3962,656751.483813806,4713895.10205162,661751.483813806,4708895.10205162,41,56,"boat_7","100252","July","OTB","VL2440","PORTO SANTO STEFANO","DPS",17.2666666666667,84.9186525665432,6.02637363853696,14662.6206764898,79526.1876449985,116,11,list(c(10.9095818000643, 10.9704584182762, 10.9690434660597, 10.908210496572, 10.9095818000643, 42.5615536973898, 42.5605226458709, 42.5155202067485, 42.5165496446813, 42.5615536973898))
"456",3963,656751.483813806,4708895.10205162,661751.483813806,4703895.10205162,42,56,"boat_7","101323","September","OTB","VL2440","PORTO SANTO STEFANO","DPS",56.1166666666667,18.8653181380045,5.00136248471149,10586.5876951102,47652.6262854892,112,6,list(c(10.908210496572, 10.9690434660597, 10.9676317527469, 10.9068423322102, 10.908210496572, 42.5165496446813, 42.5155202067485, 42.4705173748474, 42.4715452014825, 42.5165496446813))
"457",3963,656751.483813806,4708895.10205162,661751.483813806,4703895.10205162,42,56,"boat_7","101324","December","OTB","VL2440","PORTO SANTO STEFANO","DPS",10.7916666666667,12.3751213745025,6.58751642757973,1335.48184833173,7917.75775315785,115,8,list(c(10.908210496572, 10.9690434660597, 10.9676317527469, 10.9068423322102, 10.908210496572, 42.5165496446813, 42.5155202067485, 42.4705173748474, 42.4715452014825, 42.5165496446813))
"458",3964,656751.483813806,4703895.10205162,661751.483813806,4698895.10205162,43,56,"boat_7","100617","July","OTB","VL2440","PORTO SANTO STEFANO","DPS",12.95,30.6686086995706,6.02637363853696,3971.5848265944,21540.8286919817,127,11,list(c(10.9068423322102, 10.9676317527469, 10.9662232696609, 10.9054772985686, 10.9068423322102, 42.4715452014825, 42.4705173748474, 42.4255141503265, 42.4265403679454, 42.4715452014825))
"459",3965,656751.483813806,4698895.10205162,661751.483813806,4693895.10205162,44,56,"boat_7","100623","August","OTB","VL2440","PORTO SANTO STEFANO","DPS",47.4833333333333,17.4166493443486,5.93221447134711,8270.00566367488,44153.5025485572,115,10,list(c(10.9054772985686, 10.9662232696609, 10.9648180081583, 10.9041153872694, 10.9054772985686, 42.4265403679454, 42.4255141503265, 42.3805105333451, 42.3815351442223, 42.4265403679454))
"460",4033,661751.483813806,4708895.10205162,666751.483813806,4703895.10205162,42,57,"boat_7","101680","December","OTB","VL2440","PORTO SANTO STEFANO","DPS",21.5833333333333,3.11374257416651,6.58751642757973,672.049438924273,3984.42304715345,115,8,list(c(10.9690434660597, 11.0298731966493, 11.0284179430623, 10.9676317527469, 10.9690434660597, 42.5155202067485, 42.5144585002962, 42.4694573301451, 42.4705173748474, 42.5155202067485))
"461",4034,661751.483813806,4703895.10205162,666751.483813806,4698895.10205162,43,57,"boat_7","102043","July","OTB","VL2440","PORTO SANTO STEFANO","DPS",8.63333333333334,9.37286175003671,6.02637363853696,809.190397753169,4388.83531341924,122,11,list(c(10.9676317527469, 11.0284179430623, 11.0269660191753, 10.9662232696609, 10.9676317527469, 42.4705173748474, 42.4694573301451, 42.4244557650216, 42.4255141503265, 42.4705173748474))
"462",4034,661751.483813806,4703895.10205162,666751.483813806,4698895.10205162,43,57,"boat_7","103109","August","OTB","VL2440","PORTO SANTO STEFANO","DPS",8.63333333333334,15.8311085100736,5.93221447134711,1366.75236803635,7297.08135877187,103,10,list(c(10.9676317527469, 11.0284179430623, 11.0269660191753, 10.9662232696609, 10.9676317527469, 42.4705173748474, 42.4694573301451, 42.4244557650216, 42.4255141503265, 42.4705173748474))
"463",4034,661751.483813806,4703895.10205162,666751.483813806,4698895.10205162,43,57,"boat_7","103109","September","OTB","VL2440","PORTO SANTO STEFANO","DPS",10.7916666666667,6.15627132234332,5.00136248471149,664.364280202884,2990.45392847015,103,6,list(c(10.9676317527469, 11.0284179430623, 11.0269660191753, 10.9662232696609, 10.9676317527469, 42.4705173748474, 42.4694573301451, 42.4244557650216, 42.4255141503265, 42.4705173748474))
"464",4035,661751.483813806,4698895.10205162,666751.483813806,4693895.10205162,44,57,"boat_7","101691","August","OTB","VL2440","PORTO SANTO STEFANO","DPS",4.31666666666667,10.2606405493118,5.93221447134711,442.917650378625,2364.73424567202,133,10,list(c(10.9662232696609, 11.0269660191753, 11.0255174160795, 10.9648180081583, 10.9662232696609, 42.4255141503265, 42.4244557650216, 42.3794538050921, 42.3805105333451, 42.4255141503265))
"465",4104,666751.483813806,4703895.10205162,671751.483813806,4698895.10205162,43,58,"boat_7","103467","March","OTB","VL2440","PORTO SANTO STEFANO","DPS",17.2666666666667,9.10341759372681,5.83805473815622,1571.8567711835,8258.92728363967,102,8,list(c(11.0284179430623, 11.0892008036835, 11.0877054479043, 11.0269660191753, 11.0284179430623, 42.4694573301451, 42.4683650722377, 42.4233652168801, 42.4244557650216, 42.4694573301451))
"466",4105,666751.483813806,4698895.10205162,671751.483813806,4693895.10205162,44,58,"boat_7","103471","April","OTB","VL2440","PORTO SANTO STEFANO","DPS",12.95,4.00381206631851,5.7544106543929,518.493662588246,2685.26291060971,114,13,list(c(11.0269660191753, 11.0877054479043, 11.0862135120898, 11.0255174160795, 11.0269660191753, 42.4244557650216, 42.4233652168801, 42.3783649643, 42.3794538050921, 42.4244557650216))
"467",4105,666751.483813806,4698895.10205162,671751.483813806,4693895.10205162,44,58,"boat_7","103827","November","OTB","VL2440","PORTO SANTO STEFANO","DPS",6.475,31.2595332935932,7.49407263907235,2024.05478076016,13651.5721972305,114,10,list(c(11.0269660191753, 11.0877054479043, 11.0862135120898, 11.0255174160795, 11.0269660191753, 42.4244557650216, 42.4233652168801, 42.3783649643, 42.3794538050921, 42.4244557650216))
"468",4105,666751.483813806,4698895.10205162,671751.483813806,4693895.10205162,44,58,"boat_7","103828","January","OTB","VL2440","PORTO SANTO STEFANO","DPS",21.5833333333333,14.187407441888,5.55261824397262,3062.11543954083,15302.4822492702,114,16,list(c(11.0269660191753, 11.0877054479043, 11.0862135120898, 11.0255174160795, 11.0269660191753, 42.4244557650216, 42.4233652168801, 42.3783649643, 42.3794538050921, 42.4244557650216))
"469",4105,666751.483813806,4698895.10205162,671751.483813806,4693895.10205162,44,58,"boat_7","104183","April","OTB","VL2440","PORTO SANTO STEFANO","DPS",38.85,0.646251820282986,5.7544106543929,251.06883217994,1300.27784659401,109,13,list(c(11.0269660191753, 11.0877054479043, 11.0862135120898, 11.0255174160795, 11.0269660191753, 42.4244557650216, 42.4233652168801, 42.3783649643, 42.3794538050921, 42.4244557650216))
"470",4105,666751.483813806,4698895.10205162,671751.483813806,4693895.10205162,44,58,"boat_7","104184","January","OTB","VL2440","PORTO SANTO STEFANO","DPS",60.4333333333333,1.77417639331621,5.55261824397262,1072.1939336941,5358.13523757595,109,16,list(c(11.0269660191753, 11.0877054479043, 11.0862135120898, 11.0255174160795, 11.0269660191753, 42.4244557650216, 42.4233652168801, 42.3783649643, 42.3794538050921, 42.4244557650216))
"471",4105,666751.483813806,4698895.10205162,671751.483813806,4693895.10205162,44,58,"boat_7","104541","February","OTB","VL2440","PORTO SANTO STEFANO","DPS",12.95,7.91558022624444,5.71644260087317,1025.06763929865,5273.76628985699,106,10,list(c(11.0269660191753, 11.0877054479043, 11.0862135120898, 11.0255174160795, 11.0269660191753, 42.4244557650216, 42.4233652168801, 42.3783649643, 42.3794538050921, 42.4244557650216))
"472",4106,666751.483813806,4693895.10205162,671751.483813806,4688895.10205162,45,58,"boat_7","103476","January","OTB","VL2440","PORTO SANTO STEFANO","DPS",12.95,13.9975800933862,5.55261824397262,1812.68662209352,9058.64112759741,120,16,list(c(11.0255174160795, 11.0862135120898, 11.084724987101, 11.0240721249003, 11.0255174160795, 42.3794538050921, 42.3783649643, 42.3333643146717, 42.3344514505234, 42.3794538050921))
"473",4106,666751.483813806,4693895.10205162,671751.483813806,4688895.10205162,45,58,"boat_7","104186","September","OTB","VL2440","PORTO SANTO STEFANO","DPS",8.63333333333334,2.21910140411103,5.00136248471149,191.582421221586,862.35582080505,107,6,list(c(11.0255174160795, 11.0862135120898, 11.084724987101, 11.0240721249003, 11.0255174160795, 42.3794538050921, 42.3783649643, 42.3333643146717, 42.3344514505234, 42.3794538050921))
"474",4106,666751.483813806,4693895.10205162,671751.483813806,4688895.10205162,45,58,"boat_7","104543","June","OTB","VL2440","PORTO SANTO STEFANO","DPS",4.31666666666667,295.167777890713,6.23678124438609,12741.4090789491,71518.8430535763,102,10,list(c(11.0255174160795, 11.0862135120898, 11.084724987101, 11.0240721249003, 11.0255174160795, 42.3794538050921, 42.3783649643, 42.3333643146717, 42.3344514505234, 42.3794538050921))
